100.20.101.185:80,http,0.163799
100.20.194.4:80,http,0.194925
103.160.204.104:80,http,0.196608
1.2.171.234:8080,http,0.599531
102.132.101.36:80,http,0.192158
103.111.120.138:80,http,0.495293
103.119.95.106:80,http,0.546288
103.117.192.14:80,http,0.522569
103.127.1.130:80,http,0.508091
103.134.177.182:8888,http,0.567171
1.179.172.45:31225,socks4,1.906174
103.149.146.116:80,http,0.492169
103.148.178.228:80,http,0.50178
103.124.197.78:1080,socks4,0.678593
103.169.7.88:61353,socks5,1.032247
103.153.130.230:80,http,0.49925
103.181.45.9:80,http,0.746639
103.197.251.202:80,http,0.511332
103.132.92.114:4673,socks4,1.950039
103.73.66.188:8081,socks5,1.051993
103.210.29.201:31433,socks4,1.107121
103.82.24.123:1080,socks5,1.033778
103.43.151.36:80,http,0.491384
103.49.202.252:80,http,0.495618
103.127.204.109:25327,socks5,3.37202
103.83.232.122:80,http,0.497214
103.233.152.181:1080,socks4,1.892473
103.111.225.124:1088,socks5,4.657748
104.37.135.145:4145,socks5,0.299493
103.154.231.100:1080,socks4,0.778621
102.68.85.187:80,http,2.110828
103.140.75.11:5678,socks4,3.914957
109.237.96.124:62134,socks5,0.842845
106.14.255.124:80,http,0.595349
109.194.22.61:8080,http,0.659367
109.93.92.67:5678,socks4,1.703413
109.237.97.141:62135,socks5,2.346921
111.21.183.58:9091,http,0.750516
112.120.41.71:80,http,0.44574
112.120.127.146:80,http,0.45178
109.73.184.226:5678,socks4,0.86101
110.12.211.140:80,http,1.755753
111.160.204.146:9091,http,1.08661
112.103.198.145:9002,http,0.691545
112.26.81.142:9091,http,0.648288
113.254.50.31:80,http,0.40175
110.185.164.20:9091,http,1.764204
112.54.41.177:9091,http,0.793084
112.36.17.39:9091,http,0.822124
112.87.140.164:9443,http,0.600983
112.87.140.163:9443,http,0.687204
112.11.242.201:9091,http,1.177803
112.6.117.178:8085,http,0.991016
112.54.47.55:9091,http,1.046629
112.5.37.20:5605,socks5,1.973799
112.49.34.128:9091,http,1.060021
116.105.215.51:1080,socks5,1.082089
103.165.156.179:3125,http,4.50092
114.108.177.104:60984,socks4,1.626734
115.29.187.50:8088,http,0.524964
103.75.184.179:49360,socks5,7.200255
116.0.61.122:3128,http,0.857745
103.111.225.93:1090,socks5,9.419992
115.221.239.43:8060,http,0.8739
116.113.68.130:9091,http,0.759637
103.120.202.53:5678,socks4,1.953553
117.160.250.134:80,http,0.428067
117.160.250.132:80,http,0.499011
114.134.90.43:5678,socks4,2.139925
115.127.103.82:4673,socks4,2.108642
117.160.250.133:80,http,0.475726
103.221.253.242:45446,socks4,0.994955
115.243.88.51:80,http,0.984693
117.40.176.42:9091,http,0.723735
104.16.107.16:80,http,8.040015
104.16.107.247:80,http,8.059552
117.160.250.138:80,http,1.096513
117.240.206.222:80,http,0.860041
117.159.37.40:9091,http,1.157725
117.95.183.74:9002,http,1.024172
102.128.130.70:1080,socks4,1.278604
103.213.118.46:1080,socks5,9.792739
117.20.56.203:4145,socks4,1.163607
1.53.252.228:2022,http,0.898748
101.51.121.203:4153,socks4,1.513456
103.153.254.198:3080,socks5,10.830583
112.5.56.2:9091,http,4.078076
117.158.173.216:9091,http,2.074167
117.160.132.37:9091,http,1.848078
115.29.170.58:8118,http,1.599385
117.149.0.14:9091,http,1.386489
118.31.2.38:8999,http,1.638332
1.4.195.114:4145,socks4,2.155455
119.197.92.165:80,http,0.35325
114.55.84.12:30001,http,3.686874
103.141.148.62:5678,socks4,8.047323
104.16.104.107:80,http,9.605699
103.105.126.2:82,http,0.904296
1.15.145.143:1080,socks4,1.733134
103.164.223.35:5678,socks4,1.014998
119.196.168.205:80,http,0.415982
103.165.244.122:3128,http,0.560299
103.172.24.136:5678,socks4,2.078835
103.221.254.7:8291,socks4,1.941386
1.179.147.5:52210,socks4,3.82822
118.193.37.133:3512,socks5,4.802341
113.57.84.39:9091,http,6.164038
121.128.194.154:80,http,0.332834
103.114.96.126:8291,socks4,3.908271
104.16.119.86:80,http,11.497302
103.88.135.76:5678,socks4,1.821328
119.7.135.19:9091,http,0.854152
120.196.186.248:9091,http,0.455513
120.197.40.219:9002,http,0.435286
120.196.188.21:9091,http,0.476642
120.197.219.82:9091,http,0.47658
120.234.203.171:9002,http,0.450629
120.236.41.185:9091,http,0.477436
103.121.42.13:5678,socks4,4.001088
120.237.144.200:9091,http,0.479494
121.228.220.237:23456,socks5,1.136568
103.154.231.133:8080,http,2.703779
120.195.150.91:9091,http,0.831245
104.16.4.134:80,http,11.843341
120.236.79.139:9002,http,0.858296
118.107.44.181:8000,http,4.791297
120.82.174.128:9091,http,0.893155
121.31.35.98:9091,http,0.69927
121.22.53.166:9091,http,0.69811
113.160.188.21:1080,socks5,8.21541
122.228.136.27:9091,http,0.825905
120.224.180.40:9002,http,1.463094
104.16.109.49:80,http,12.667299
103.206.105.193:3629,socks4,3.885997
112.44.126.88:9091,http,4.696028
103.245.205.33:35158,socks4,4.3755
118.107.44.181:80,http,6.090647
120.26.0.11:8880,http,2.31876
123.183.160.83:9091,http,1.350743
114.88.177.213:9002,http,7.867722
103.233.154.19:4145,socks4,4.617063
123.130.115.217:9091,http,1.860487
104.17.98.21:80,http,13.217283
107.2.141.46:5678,socks4,1.494271
120.24.33.141:8000,http,1.946929
103.35.111.101:4145,socks4,4.728988
104.17.142.250:80,http,13.698363
104.16.108.145:80,http,14.11135
104.18.11.183:80,http,13.774434
124.133.20.234:7302,socks5,1.683474
110.74.195.239:51080,socks4,0.830406
104.16.19.182:80,http,14.332358
119.98.153.66:1080,socks5,4.921844
104.16.106.21:80,http,14.747789
104.18.188.5:80,http,14.140608
124.13.181.7:80,http,0.626737
103.169.186.179:3125,http,2.650479
112.78.38.107:1080,socks4,0.803863
118.122.194.18:3190,socks5,8.407432
125.130.100.49:80,http,0.366819
125.129.57.91:80,http,0.386054
118.67.216.94:4145,socks4,0.892804
104.16.215.65:80,http,15.277423
103.151.247.141:8080,http,1.301237
103.1.105.10:4153,socks4,7.970591
104.21.55.105:80,http,14.139654
104.22.3.30:80,http,13.983197
124.90.13.130:8085,http,0.684713
109.252.244.170:4153,socks4,2.969722
104.26.15.232:80,http,13.594066
103.110.89.74:5678,socks4,8.046462
104.16.32.73:80,http,15.590413
104.18.64.126:80,http,14.905478
128.201.232.102:888,http,0.543152
124.79.115.196:9002,http,0.681313
104.16.103.57:80,http,15.820465
114.92.241.175:4145,socks4,0.845072
104.21.218.233:80,http,14.703625
114.69.244.66:60616,socks4,0.932757
104.16.186.77:80,http,15.911078
104.16.107.97:80,http,16.021746
104.18.160.208:80,http,15.544398
103.153.35.25:5678,socks4,7.960086
102.130.192.231:8080,http,0.553526
103.105.126.2:83,http,2.427296
104.27.206.201:80,http,14.117644
103.140.35.11:4145,socks4,8.895738
104.16.202.138:80,http,16.850163
104.18.40.58:80,http,16.254941
104.17.102.164:80,http,16.675521
104.16.252.185:80,http,16.777274
104.17.1.40:80,http,16.615875
104.16.107.92:80,http,16.999066
104.16.178.178:80,http,16.863361
104.25.185.97:80,http,15.094232
104.27.8.161:80,http,14.941284
114.4.200.222:5678,socks4,2.163519
104.16.113.147:80,http,16.965052
104.26.9.13:80,http,15.196404
104.19.11.105:80,http,16.409989
103.90.231.93:45217,socks4,7.530242
104.18.123.117:80,http,16.711907
116.254.100.165:50536,socks4,1.901328
103.76.15.202:5678,socks4,7.93199
104.21.48.219:80,http,16.294368
123.183.162.9:9002,http,5.312402
104.27.100.228:80,http,15.551688
104.16.42.73:80,http,17.276676
104.20.249.49:80,http,16.484406
104.24.201.166:80,http,15.933295
104.17.10.83:80,http,17.404505
104.20.100.116:80,http,16.768456
104.17.216.94:80,http,17.441835
118.174.14.65:44336,socks4,0.873434
104.19.150.112:80,http,17.031804
104.17.177.72:80,http,17.450168
104.20.247.43:80,http,16.827132
12.89.124.138:4145,socks4,0.317957
104.20.38.212:80,http,16.823377
104.16.164.11:80,http,17.955846
104.17.242.20:80,http,17.489815
103.60.212.113:51754,socks4,8.709278
104.18.172.51:80,http,17.531463
104.17.143.255:80,http,17.743804
134.238.252.143:8080,http,0.720927
1.162.35.88:80,http,0.618924
101.32.184.53:3128,http,0.429594
123.240.60.64:8888,http,2.860129
104.18.250.76:80,http,17.609326
104.16.108.201:80,http,18.361815
104.17.74.214:80,http,17.830574
1.224.3.122:3888,http,0.704966
104.24.149.225:80,http,16.767215
104.17.187.10:80,http,18.046455
104.16.5.91:80,http,18.274317
1.52.15.150:8080,http,1.310189
101.109.107.203:8080,http,0.624176
104.16.9.168:80,http,18.403466
114.134.90.110:10800,socks4,3.942862
104.17.146.115:80,http,18.300339
104.18.179.32:80,http,18.26456
104.19.84.178:80,http,17.935667
104.20.161.1:80,http,17.813959
104.18.90.87:80,http,18.131244
104.17.112.167:80,http,18.644254
104.171.118.247:80,http,18.347144
104.27.125.131:80,http,17.039231
1.179.148.9:55636,http,1.765805
104.16.108.53:80,http,19.231046
104.17.152.29:80,http,18.784541
101.0.4.14:8081,http,1.763721
104.18.68.223:80,http,18.414441
104.16.231.99:80,http,19.028087
104.20.130.149:80,http,18.132129
104.16.176.30:80,http,19.196481
103.109.57.250:8889,http,1.639557
101.109.96.103:8080,http,3.03642
101.231.166.98:443,http,3.112066
118.26.110.48:8080,http,1.583435
104.19.23.38:80,http,19.581936
101.200.227.223:60080,http,2.77692
103.152.232.123:3125,http,2.498249
104.21.229.163:80,http,19.300508
104.20.130.206:80,http,19.638544
103.152.34.236:80,http,1.449872
104.20.155.124:80,http,19.651036
104.20.252.105:80,http,18.069453
104.25.95.43:80,http,18.722116
103.167.135.110:80,http,1.37822
104.20.91.22:80,http,19.597355
102.68.78.57:8080,http,2.955228
104.23.136.36:80,http,19.150711
104.18.40.57:80,http,20.044689
104.148.36.10:80,http,0.462896
104.16.188.82:80,http,20.644494
104.16.107.167:80,http,20.696712
104.17.67.152:80,http,20.331369
104.20.30.162:80,http,19.347594
104.24.218.178:80,http,19.108248
104.19.119.180:80,http,19.960782
103.138.205.83:3128,http,1.744009
103.179.139.115:8080,http,1.578097
104.18.26.217:80,http,20.241656
104.22.50.169:80,http,19.470257
103.129.3.246:83,http,2.668234
104.20.171.21:80,http,19.692127
104.27.16.154:80,http,18.904592
103.118.127.218:6969,http,1.434157
104.24.177.230:80,http,19.214874
103.156.216.194:8443,http,2.018939
104.17.195.159:80,http,20.556411
104.18.77.48:80,http,20.19183
103.43.75.98:80,http,0.473308
104.18.115.29:80,http,20.447062
104.16.148.239:80,http,20.997836
104.24.95.26:80,http,18.859556
104.25.253.146:80,http,18.924249
103.153.247.1:3125,http,2.414155
104.22.0.193:80,http,19.609879
103.162.205.252:8181,http,1.691983
104.21.18.138:80,http,19.593258
104.19.60.146:80,http,20.043044
104.17.61.72:80,http,20.595674
104.17.191.82:80,http,20.652009
104.27.196.185:80,http,19.020397
104.18.69.154:80,http,19.814851
104.22.45.162:80,http,19.598067
104.20.118.241:80,http,19.707203
104.18.231.86:80,http,20.388382
104.19.120.176:80,http,20.19513
104.24.193.85:80,http,19.380897
104.19.78.76:80,http,20.197508
1.255.134.136:3128,http,0.351581
104.24.197.68:80,http,19.397309
104.20.142.174:80,http,20.047614
104.18.31.140:80,http,20.409957
104.24.2.156:80,http,19.1947
104.17.163.96:80,http,20.745921
104.25.187.144:80,http,19.212019
103.167.135.112:80,http,1.926745
104.20.206.51:80,http,20.0864
104.24.90.252:80,http,19.281725
104.19.43.147:80,http,20.112695
104.21.84.78:80,http,19.773572
104.25.12.69:80,http,19.145704
104.27.203.144:80,http,19.148172
104.19.236.159:80,http,20.326966
104.24.232.172:80,http,19.445353
104.27.68.232:80,http,19.040082
104.26.14.149:80,http,19.208303
104.24.3.219:80,http,18.516325
104.25.204.171:80,http,19.250586
104.18.167.60:80,http,20.629491
104.16.220.232:80,http,21.074843
104.24.56.56:80,http,19.445673
104.16.66.57:80,http,20.954565
104.16.109.159:80,http,21.229861
104.19.176.43:80,http,20.377455
103.186.126.29:3128,http,0.617096
104.20.18.50:80,http,20.213443
125.253.125.132:20268,socks5,7.054003
103.15.60.229:8080,http,9.247985
103.178.41.34:8085,http,2.299372
103.154.144.203:8715,http,2.332061
104.24.226.223:80,http,19.535056
104.23.126.74:80,http,19.643067
103.131.18.229:1080,http,3.281857
104.24.61.183:80,http,19.492881
104.24.227.92:80,http,19.429842
104.24.255.240:80,http,19.532507
102.38.9.82:8080,http,3.734249
104.20.233.222:80,http,20.175948
103.169.136.42:8080,http,2.174732
104.17.152.203:80,http,20.899003
104.24.65.228:80,http,19.465894
104.17.133.218:80,http,20.961913
104.24.195.193:80,http,19.536762
104.27.126.102:80,http,19.297179
123.157.233.138:9091,http,7.723954
104.21.210.223:80,http,20.1289
108.74.113.180:80,http,18.56388
104.21.93.102:80,http,19.907129
104.25.218.255:80,http,19.393476
103.221.54.113:8080,http,2.151393
104.18.21.32:80,http,20.664991
104.22.55.21:80,http,19.754703
104.20.178.134:80,http,20.159775
104.21.196.120:80,http,20.149459
104.18.20.109:80,http,20.690094
104.24.69.222:80,http,19.565329
104.18.194.29:80,http,20.650583
104.20.130.170:80,http,20.389051
104.24.242.120:80,http,19.515349
104.26.6.1:80,http,19.314679
104.19.163.172:80,http,20.517793
104.24.27.134:80,http,19.606878
104.23.114.193:80,http,19.818659
104.16.231.212:80,http,21.215999
104.17.6.239:80,http,20.932088
104.20.140.187:80,http,20.335846
104.18.186.112:80,http,20.712189
104.22.75.64:80,http,19.875914
104.18.70.24:80,http,20.609224
104.26.11.122:80,http,19.356105
104.25.188.44:80,http,19.397715
104.20.74.24:80,http,20.27355
104.215.127.197:80,http,0.157959
104.19.66.223:80,http,20.494006
104.25.122.157:80,http,19.460957
104.18.24.72:80,http,20.743644
104.22.26.50:80,http,19.956226
104.21.52.173:80,http,20.165242
104.25.210.64:80,http,19.513391
104.22.48.121:80,http,19.997311
104.20.51.99:80,http,20.326223
104.19.214.193:80,http,20.651635
103.169.186.130:3125,http,2.912451
104.24.129.214:80,http,19.81404
104.24.180.220:80,http,19.796127
104.19.239.95:80,http,20.43616
104.238.145.25:80,http,19.848912
104.21.0.121:80,http,20.409879
101.51.139.179:8080,http,4.333971
104.24.190.115:80,http,19.72297
104.17.34.5:80,http,21.119389
103.231.241.102:80,http,0.486037
104.18.213.250:80,http,20.971844
104.24.184.46:80,http,19.887489
104.27.198.245:80,http,19.556196
103.105.228.66:8080,http,0.811232
103.144.18.67:8082,http,2.318249
119.18.152.52:8080,http,1.054795
104.18.198.251:80,http,21.048436
103.164.56.122:8080,http,3.013943
104.21.13.70:80,http,20.473644
104.20.12.140:80,http,20.705016
103.156.216.178:80,http,3.103992
104.18.136.243:80,http,21.138138
104.17.71.206:80,http,21.165503
104.19.250.236:80,http,20.85474
104.20.8.173:80,http,20.548802
104.27.52.196:80,http,19.618965
104.25.56.98:80,http,19.761719
104.24.129.198:80,http,20.075825
104.24.9.30:80,http,19.934395
104.19.248.94:80,http,20.901152
104.24.189.134:80,http,20.139663
105.19.63.217:9812,http,1.239116
104.19.85.189:80,http,20.987047
128.199.172.229:8998,socks5,7.638172
103.156.248.141:8080,http,3.109186
130.211.9.172:80,http,7.033242
113.160.145.184:1080,socks4,8.033376
103.178.43.104:8181,http,1.721492
103.172.70.81:8080,http,1.400875
104.45.128.122:80,http,0.073682
138.197.148.238:80,http,0.852829
137.74.93.227:80,http,3.110533
103.165.253.5:3125,http,3.069439
104.248.90.212:80,http,0.235889
103.209.131.20:80,http,1.229247
103.245.204.214:8080,http,1.686743
103.154.144.202:8715,http,4.150895
103.145.45.77:55443,http,4.382957
103.209.204.57:8080,http,2.109544
103.77.10.22:8080,http,2.059885
108.61.203.11:10334,http,0.044408
103.163.231.116:8080,http,0.906746
103.155.54.14:83,http,3.276028
103.74.147.22:83,http,2.091974
103.91.82.177:8080,http,1.472694
103.166.197.34:3128,http,3.939354
103.169.134.10:8080,http,2.180561
103.186.76.166:8080,http,1.907119
103.135.14.176:8181,http,3.519994
103.164.116.170:8080,http,2.282895
103.6.8.20:8080,http,2.234234
001.255.134.136:3128,http,1.444098
103.54.43.131:8080,http,1.818416
139.162.182.113:80,http,0.173906
103.169.186.9:3125,http,2.611427
103.160.40.31:3125,http,1.930336
125.227.225.157:3389,socks5,9.699929
103.183.60.226:9812,http,3.933245
105.174.7.254:8080,http,1.203242
103.175.46.11:3125,http,1.579241
105.29.164.27:8080,http,9.544623
103.19.58.113:8080,http,4.992814
103.172.70.27:81,http,5.190201
103.146.170.252:83,http,5.877316
103.180.194.146:8080,http,3.1528
103.119.55.21:8082,http,4.882139
105.16.115.202:80,http,1.317338
105.112.191.250:3128,http,1.740692
103.250.68.10:8080,http,3.477462
103.125.174.209:8080,http,2.937835
103.152.232.84:3128,http,2.46107
103.164.180.90:8080,http,4.896633
103.172.70.139:9191,http,4.547092
103.156.216.178:443,http,5.543849
103.166.9.91:3125,http,3.805857
103.148.39.42:82,http,2.769551
103.184.172.209:8080,http,1.464452
103.175.156.10:8080,http,4.821866
103.169.7.88:61524,http,2.649549
103.133.20.201:8080,http,4.580911
105.28.176.41:9812,http,2.030808
103.154.91.182:8080,http,5.379811
103.36.10.223:8080,http,1.41521
103.165.253.137:3125,http,3.847859
103.164.118.82:8080,http,4.94372
103.242.119.88:80,http,3.571591
103.6.177.174:8002,http,3.752771
103.156.14.197:8085,http,2.763183
111.251.181.239:80,http,0.575397
103.151.247.57:8080,http,6.50719
103.160.201.90:8085,http,3.805787
112.124.9.47:3128,http,0.443424
103.141.20.138:8080,http,3.72484
103.155.47.234:3125,http,4.327944
117.54.201.90:5678,socks4,7.866873
110.77.241.170:8080,http,0.70663
113.160.173.30:8080,http,0.732535
103.120.175.47:9191,http,4.114939
103.243.114.206:8080,http,2.461102
103.154.231.97:8080,http,6.538075
123.231.230.58:31196,socks4,3.795196
138.2.64.185:8118,http,1.21835
111.225.153.24:8089,http,1.295244
111.251.181.203:80,http,0.477058
14.23.62.59:7300,socks5,2.656755
103.76.151.90:8080,http,5.048892
117.58.245.66:61393,socks4,8.912487
103.215.207.38:83,http,3.586562
102.38.17.153:8080,http,8.261953
115.144.8.91:80,http,0.381984
103.7.27.186:8080,http,4.908742
114.43.123.248:80,http,0.568933
103.11.106.60:8080,http,7.846291
103.89.4.163:3128,http,4.926609
113.160.209.113:19132,http,1.821908
131.161.68.38:35944,socks4,7.554808
103.4.94.2:8080,http,1.954832
103.53.24.34:8080,http,9.011024
103.78.218.130:80,http,5.097907
102.68.128.218:8080,http,5.181671
102.68.128.210:8080,http,8.788846
138.2.89.99:5535,socks5,4.589081
113.179.140.164:19132,http,1.744864
106.75.171.235:8080,http,3.885508
109.224.62.42:8080,http,3.892998
103.125.162.134:84,http,8.474053
114.143.242.234:80,http,0.518914
103.159.200.3:8080,http,7.901144
103.60.173.114:8080,http,5.882951
110.78.28.94:8080,http,2.655768
111.225.153.100:8089,http,1.896248
142.54.226.214:4145,socks5,0.259252
116.101.231.125:3333,http,2.920673
101.109.52.48:8080,http,3.412682
102.69.32.1:8080,http,10.851608
103.138.71.131:8085,http,10.371311
109.69.0.62:1080,http,4.495362
111.225.153.206:8089,http,4.047764
103.154.230.138:8080,http,10.190432
103.159.220.141:80,http,9.524912
112.126.73.74:60080,http,3.037953
103.173.128.51:8080,http,7.829576
116.202.22.13:3128,http,2.67762
103.170.22.50:8089,http,8.021126
1.2.252.65:8080,http,9.854803
110.39.42.211:80,http,4.723498
103.154.237.110:8080,http,9.5446
113.160.37.152:53281,http,4.233535
142.93.14.238:8888,http,1.586359
109.200.155.195:8080,http,5.715652
103.155.166.81:8181,http,2.759927
103.159.96.6:3125,http,9.988831
103.130.70.253:82,http,10.734814
102.38.12.9:8080,http,3.812916
110.77.241.221:80,http,4.829419
117.160.250.133:8080,http,1.677604
117.160.250.132:81,http,1.673224
103.173.233.242:8080,http,9.843593
103.169.7.87:61524,http,6.766943
108.170.12.11:80,http,4.931924
103.140.109.93:8080,http,3.167458
113.160.208.255:8080,http,4.489922
108.170.12.10:80,http,4.93808
103.144.18.94:8083,http,3.252506
108.170.12.13:80,http,4.929858
117.160.250.132:82,http,1.818198
117.160.250.134:9999,http,0.551046
117.160.250.133:9999,http,0.5081
104.244.75.218:8080,http,5.105824
117.160.250.133:8081,http,0.399489
117.160.250.134:8081,http,0.42071
117.160.250.132:8080,http,0.405251
117.160.250.134:82,http,0.417551
110.139.171.8:8080,http,4.885666
117.160.250.133:81,http,0.587748
117.160.250.133:82,http,0.411212
102.66.104.106:9999,http,7.796824
117.160.250.132:9999,http,0.39036
117.160.250.134:8080,http,0.388438
117.160.250.134:81,http,0.389462
117.160.250.132:8081,http,0.390587
135.181.79.170:59162,socks5,11.714362
103.105.125.6:84,http,11.218295
103.163.36.76:80,http,0.529012
103.162.63.14:3127,http,10.212061
121.13.229.211:61401,socks4,8.598441
113.23.237.130:8888,http,3.743747
103.207.1.82:8080,http,8.895381
103.90.156.248:8080,http,0.756417
119.160.107.86:3128,http,0.937833
103.159.195.9:80,http,2.704808
103.159.46.25:83,http,11.055115
112.126.80.149:60080,http,1.480901
148.76.97.250:80,http,0.120859
117.50.159.109:3128,http,1.821275
144.91.120.165:7497,socks5,1.144602
135.125.244.133:42165,socks4,2.028015
117.160.250.138:82,http,1.826702
117.160.250.138:8080,http,1.869712
117.160.250.138:81,http,1.953909
103.215.207.34:83,http,11.318089
114.79.146.137:8080,http,3.539411
150.220.8.228:64312,socks4,0.738407
103.87.236.81:8080,http,2.501129
103.167.170.6:3125,http,8.698339
118.173.242.189:8080,http,3.705338
117.160.250.138:8081,http,2.548753
149.255.39.225:3128,http,1.158459
103.170.97.60:8080,http,8.832169
152.32.202.108:80,http,0.689891
117.4.115.169:8080,http,2.976426
117.160.250.138:9999,http,2.950723
111.68.26.237:8080,http,7.572352
103.19.130.50:8080,http,9.038735
110.34.13.4:8080,http,0.898759
103.1.93.184:55443,http,11.222438
103.234.254.10:8000,http,9.695014
123.182.59.61:8089,http,0.473298
138.201.125.229:8118,http,0.269069
155.138.132.50:80,http,0.158386
103.172.179.226:84,http,7.404791
138.219.50.170:4145,socks4,0.80832
155.185.245.110:80,http,1.280748
139.224.226.158:1080,http,2.738365
115.132.165.31:8080,http,8.510368
111.225.152.29:8089,http,8.750326
12.36.95.132:8080,http,3.539247
138.117.229.17:999,http,3.448206
1.0.170.50:80,http,9.801316
103.76.24.53:80,http,10.341495
139.255.86.226:5678,socks4,2.059045
123.57.235.53:60080,http,2.562652
138.122.147.122:8080,http,1.751107
118.163.13.200:8080,http,7.506336
103.159.46.25:82,http,15.873739
108.170.12.12:80,http,3.218359
118.70.109.148:55443,http,4.25827
138.68.168.52:14954,socks5,12.822017
141.101.120.119:80,http,10.505948
128.199.104.190:41354,socks4,10.506181
141.101.115.140:80,http,10.879509
116.80.41.12:80,http,5.897168
14.232.163.52:10801,socks4,1.176057
103.181.245.147:8080,http,6.365092
157.230.255.230:8118,http,0.55738
141.101.120.217:80,http,10.708593
141.101.120.246:80,http,10.62081
119.42.69.38:8080,http,3.030274
141.101.114.88:80,http,11.282346
112.133.219.234:3127,http,7.249037
159.89.132.167:8989,http,0.370396
159.69.117.155:42572,socks5,0.683553
141.101.120.213:80,http,11.416749
159.146.53.56:80,http,0.612413
103.148.39.50:83,http,7.384368
141.101.120.184:80,http,11.889429
118.173.230.246:8080,http,9.252718
141.101.120.24:80,http,11.673887
141.101.120.149:80,http,12.196585
103.76.253.66:3129,http,12.528681
141.101.120.86:80,http,11.66436
141.101.115.9:80,http,12.375913
141.101.120.186:80,http,12.204772
103.159.195.136:8080,http,8.254391
115.72.32.118:8080,http,9.789702
103.119.55.232:10001,http,11.713822
131.100.48.73:999,http,1.59001
118.174.55.66:8080,http,4.71717
161.117.89.36:8888,http,0.420858
118.172.187.127:8080,http,10.26586
138.0.32.88:8080,http,5.937714
164.92.76.73:30000,http,0.44967
141.101.115.245:80,http,13.078829
159.203.88.242:52757,socks5,2.432055
141.101.115.243:80,http,13.19435
162.14.135.190:10800,socks4,0.850652
141.101.120.143:80,http,13.445349
118.27.113.167:8080,http,9.241198
125.25.82.146:8080,http,3.220487
128.199.67.35:80,http,2.967851
141.101.120.254:80,http,13.395919
141.101.122.65:80,http,12.118814
152.32.215.158:62235,socks4,3.609502
141.101.121.140:80,http,13.073157
141.101.120.46:80,http,13.488534
122.53.50.112:80,http,3.521909
108.170.12.14:80,http,7.356535
141.101.120.238:80,http,13.78379
141.101.121.244:80,http,13.078707
141.101.115.248:80,http,14.246065
124.106.150.184:8282,http,4.692006
159.223.58.255:443,http,1.299695
141.101.120.247:80,http,14.676988
159.65.143.66:443,http,1.266155
114.130.81.40:8080,http,10.828463
141.101.122.123:80,http,13.698123
125.213.216.202:8080,http,4.650409
103.160.198.1:83,http,10.945919
135.148.95.28:3128,http,0.299862
103.69.216.17:8080,http,10.7805
136.244.81.211:10665,http,0.409469
124.158.182.34:7654,http,4.927272
119.15.90.22:8080,http,5.273146
141.101.121.137:80,http,14.906795
141.101.120.242:80,http,15.319125
142.93.162.127:61141,socks5,12.99279
124.225.21.239:9002,http,4.43091
141.101.121.181:80,http,14.856387
141.101.121.209:80,http,14.803064
141.101.121.116:80,http,15.038693
141.101.121.22:80,http,14.656238
141.193.213.21:80,http,13.322946
170.245.66.87:1080,socks4,0.759548
141.101.120.52:80,http,15.268353
141.101.122.102:80,http,14.45182
136.244.81.211:10722,http,0.638543
141.101.121.30:80,http,14.832419
141.101.122.219:80,http,14.262431
170.210.156.33:7497,socks5,2.105597
141.101.121.240:80,http,15.097784
143.137.99.202:5678,socks4,8.25285
141.101.120.105:80,http,15.934129
141.101.122.33:80,http,14.413676
141.101.120.252:80,http,15.726515
141.101.120.81:80,http,15.545781
141.101.120.226:80,http,15.908366
141.101.120.251:80,http,15.769794
141.101.121.157:80,http,15.406874
131.161.239.126:8090,http,4.970794
141.101.120.201:80,http,16.017659
141.101.122.89:80,http,14.478544
141.101.120.215:80,http,16.100597
141.101.120.151:80,http,16.224491
141.101.120.180:80,http,16.194055
141.101.121.198:80,http,15.432745
136.243.132.100:80,http,1.275398
159.223.163.14:55894,socks5,5.622374
141.101.121.111:80,http,15.840506
141.101.122.166:80,http,14.967652
141.101.120.13:80,http,16.3074
141.101.123.114:80,http,14.659694
141.101.120.17:80,http,16.515569
138.117.228.12:999,http,1.608588
141.101.120.205:80,http,16.449736
167.172.80.231:443,http,0.596124
123.182.59.219:8089,http,9.10837
141.101.123.101:80,http,15.036171
141.101.121.51:80,http,15.645136
141.101.120.218:80,http,16.640084
141.101.122.129:80,http,15.426631
141.101.120.164:80,http,16.776183
141.101.120.28:80,http,16.536222
137.74.90.232:8282,http,2.822989
141.101.120.171:80,http,16.912158
135.181.79.170:56564,socks4,10.440215
141.101.123.143:80,http,15.140708
141.101.120.90:80,http,16.545182
141.101.120.82:80,http,16.543273
141.101.121.171:80,http,16.324633
141.101.123.155:80,http,15.144067
141.101.120.124:80,http,17.014665
154.236.184.86:1974,http,6.794426
141.101.121.65:80,http,15.918822
141.101.120.65:80,http,16.734648
149.3.27.4:5678,socks4,1.699667
141.101.120.41:80,http,16.834182
125.27.191.200:8080,http,1.604705
141.101.122.179:80,http,15.790932
141.101.123.113:80,http,15.621489
141.101.123.117:80,http,15.547544
141.101.120.91:80,http,16.818923
141.101.120.30:80,http,17.059173
141.101.121.71:80,http,16.126273
141.101.122.175:80,http,15.966736
141.101.120.20:80,http,17.369575
141.193.213.1:80,http,15.205374
141.101.121.53:80,http,16.387777
171.34.53.2:9091,http,0.64503
141.101.121.128:80,http,17.036393
141.101.123.222:80,http,15.630912
141.101.122.132:80,http,16.282682
141.101.121.184:80,http,16.910333
141.101.121.172:80,http,16.961739
141.101.122.126:80,http,16.42863
141.101.120.225:80,http,18.443031
138.68.235.51:80,http,0.886986
141.101.120.176:80,http,18.730151
138.121.161.82:8094,http,3.097186
141.101.123.244:80,http,16.551586
141.101.120.66:80,http,18.243758
141.101.121.236:80,http,17.814814
149.28.99.238:32332,socks4,3.278044
141.101.121.223:80,http,17.941799
141.101.123.81:80,http,16.750216
141.101.123.53:80,http,16.797911
134.236.156.248:8080,http,5.977298
141.101.123.84:80,http,16.813334
141.101.121.217:80,http,18.162413
138.121.113.179:8080,http,3.938919
141.101.121.1:80,http,18.117769
141.101.122.194:80,http,17.487993
141.101.121.45:80,http,17.88769
138.117.84.161:999,http,3.838705
131.106.216.130:8080,http,7.018833
141.101.121.41:80,http,17.893041
141.193.213.68:80,http,16.70591
141.101.122.250:80,http,17.498338
141.101.123.139:80,http,17.26089
141.101.121.241:80,http,18.098292
141.101.123.197:80,http,17.109396
141.101.123.69:80,http,16.899557
141.101.121.113:80,http,18.397864
141.101.120.69:80,http,18.746948
141.101.121.210:80,http,18.262766
141.101.121.15:80,http,18.423326
113.53.61.83:8080,http,14.855672
141.101.122.117:80,http,17.855655
141.101.120.43:80,http,18.739455
141.101.121.84:80,http,17.914545
139.196.177.166:3128,http,0.691516
141.101.122.174:80,http,17.728515
141.101.123.97:80,http,17.06241
141.101.122.21:80,http,17.730721
154.72.155.14:5678,socks4,2.024354
141.101.123.2:80,http,17.247068
122.3.41.154:8090,http,4.345763
141.101.123.79:80,http,17.204543
138.219.244.128:6666,http,1.715183
141.101.122.16:80,http,17.94395
141.101.122.52:80,http,17.747171
141.101.122.218:80,http,17.893048
131.72.69.202:40033,http,7.66236
141.101.122.173:80,http,17.938119
131.72.69.98:45005,http,0.659726
141.101.123.219:80,http,17.320808
141.101.123.150:80,http,17.589595
141.101.123.24:80,http,17.387852
154.236.189.18:1981,http,1.624207
141.101.121.0:80,http,18.993068
138.121.113.182:999,http,4.571518
156.200.116.73:1981,http,0.502538
141.101.122.99:80,http,18.011436
156.200.127.1:1976,http,0.524005
141.101.121.61:80,http,18.582016
141.101.120.35:80,http,19.430407
141.101.122.107:80,http,18.617167
141.101.122.230:80,http,18.337015
141.101.123.234:80,http,17.895552
144.76.182.156:80,http,14.407982
141.101.123.189:80,http,18.024762
139.99.237.62:80,http,0.420983
141.101.123.91:80,http,17.842587
141.101.123.133:80,http,18.281306
154.212.5.190:5678,socks4,3.229689
141.101.122.133:80,http,18.758395
141.101.122.209:80,http,18.695591
141.193.213.102:80,http,17.904302
141.101.121.27:80,http,19.281729
156.200.116.73:1976,http,0.482013
141.101.122.190:80,http,18.792861
138.121.161.82:8093,http,2.881973
141.101.121.117:80,http,19.859307
141.193.213.245:80,http,18.095875
141.193.213.78:80,http,18.090376
141.101.122.68:80,http,18.81396
139.5.132.245:8080,http,1.877051
173.212.195.109:3481,socks5,0.687195
141.101.122.51:80,http,18.941348
141.101.121.101:80,http,19.939083
141.101.123.148:80,http,18.635782
174.64.199.79:4145,socks5,0.521373
141.101.123.68:80,http,18.436441
141.101.122.41:80,http,18.986866
130.255.138.245:8080,http,9.666062
141.101.123.94:80,http,18.492212
134.0.63.134:8000,http,1.055709
14.140.131.82:3128,http,0.509278
152.200.138.122:999,http,3.548235
141.101.123.74:80,http,18.660634
141.101.121.141:80,http,20.146352
139.59.29.169:80,http,0.609601
141.101.121.124:80,http,20.256289
141.101.123.181:80,http,18.927998
141.101.123.57:80,http,18.769821
14.207.150.138:8080,http,0.554324
141.101.123.129:80,http,19.325733
141.193.213.30:80,http,18.722015
158.140.190.211:5678,socks4,0.700632
14.241.38.220:19132,http,1.004895
141.101.123.4:80,http,19.201188
174.138.24.67:8080,http,0.421816
141.101.123.196:80,http,19.393483
142.93.162.127:33337,socks4,8.960148
142.93.123.15:80,http,17.146364
131.196.191.251:9876,http,2.862785
141.101.123.36:80,http,19.364315
140.227.25.191:23456,http,1.422056
174.64.199.82:4145,socks5,1.548695
141.101.123.20:80,http,19.590612
154.79.250.48:5678,socks4,4.282133
141.193.213.71:80,http,19.311817
141.101.123.236:80,http,20.416319
141.101.121.83:80,http,21.368507
158.69.52.218:9300,http,1.869952
157.240.21.36:80,http,11.937861
141.101.123.182:80,http,20.706448
141.193.213.176:80,http,20.33427
174.77.111.197:4145,socks5,2.427955
142.11.222.22:80,http,0.245708
141.101.123.204:80,http,20.69213
141.101.122.105:80,http,21.421401
141.101.123.246:80,http,20.623265
141.101.121.29:80,http,21.572702
176.88.177.197:61080,socks5,1.542606
141.101.121.160:80,http,22.200723
141.101.123.32:80,http,20.800764
141.193.213.127:80,http,20.598268
157.230.243.143:80,http,12.501371
141.101.123.120:80,http,21.305903
163.53.186.250:5678,socks4,0.778123
177.12.118.160:80,http,0.61929
141.193.213.15:80,http,20.995173
141.101.123.99:80,http,21.152156
159.203.88.242:32811,socks4,2.674041
138.117.77.214:999,http,8.470849
154.49.216.33:80,http,15.402833
14.207.128.146:8080,http,4.758198
141.101.123.135:80,http,21.792991
141.101.121.28:80,http,22.739614
159.203.114.105:18931,socks4,3.07492
138.118.104.166:999,http,8.560345
14.241.225.167:80,http,4.210242
139.99.89.74:3128,http,4.194316
162.255.110.52:5678,socks4,1.244903
156.200.116.72:1981,http,3.566772
154.236.168.169:1976,http,1.537145
171.241.68.115:5205,socks5,8.345861
175.184.234.19:8080,http,0.938597
141.193.213.227:80,http,21.829354
157.240.7.35:80,http,13.190551
159.112.235.89:80,http,13.846103
176.31.154.12:1111,socks5,3.51334
157.240.11.35:80,http,16.063814
144.217.7.124:4148,socks4,9.663462
159.69.153.169:5566,socks4,3.564857
159.65.171.69:80,http,13.511242
170.254.92.198:4153,socks4,0.61486
167.172.43.52:80,http,10.968639
142.93.96.177:80,http,19.865587
141.101.121.203:80,http,23.924495
154.113.32.26:8080,http,5.390846
178.48.68.61:4145,socks4,0.47325
154.236.184.86:1976,http,4.331608
142.44.148.56:8080,http,3.185553
140.246.114.169:59394,http,5.480142
144.202.60.78:10269,http,0.132159
149.28.79.137:11491,http,0.556262
140.227.127.228:80,http,6.136928
147.28.128.197:3128,http,0.766701
138.121.161.83:8190,http,11.516644
149.28.213.172:10297,http,0.629501
146.59.243.1:10901,socks4,11.398445
144.202.33.254:10015,http,0.689427
149.28.86.177:10057,http,0.142604
142.93.235.89:3128,http,0.700701
149.28.86.177:10580,http,0.636986
149.28.86.177:10112,http,0.671817
149.56.233.29:3128,http,0.408356
144.76.221.241:80,http,21.121222
149.248.18.98:10098,http,0.214455
170.80.71.78:5678,socks4,2.730187
139.99.82.162:8080,http,6.452182
149.28.228.36:10881,http,0.791328
154.16.180.182:3128,http,0.301189
149.28.86.177:10404,http,0.250966
138.201.34.26:80,http,9.159819
15.207.51.7:80,http,0.501355
157.240.235.36:80,http,16.135675
165.232.181.135:3128,http,0.735173
147.139.173.19:3128,http,0.540413
130.237.171.33:80,http,15.438549
150.139.206.218:1080,http,0.472667
178.212.65.61:3629,socks4,1.176629
142.93.61.46:80,http,4.157179
145.40.118.217:3128,http,1.40414
171.244.68.17:5678,socks4,1.0939
165.22.41.226:80,http,14.273004
156.200.116.72:1976,http,0.455984
162.159.243.61:80,http,15.307583
170.114.10.73:80,http,13.389015
162.159.242.198:80,http,15.611519
154.236.184.84:1976,http,0.584156
172.67.177.8:80,http,10.099342
14.207.163.147:8080,http,9.520073
157.240.254.35:80,http,19.723628
154.236.184.71:1976,http,9.440921
167.114.173.66:59262,socks4,5.278907
162.159.200.18:80,http,16.167006
172.67.167.180:80,http,10.90393
172.64.133.99:80,http,11.25639
172.67.181.107:80,http,10.658703
157.240.13.36:80,http,17.452462
180.164.58.37:9002,http,1.584345
159.112.235.96:80,http,17.758776
138.122.6.42:999,http,8.168677
172.67.180.18:80,http,10.767338
154.26.134.217:80,http,0.732198
173.212.250.65:53494,socks5,8.507576
154.26.134.214:80,http,0.742361
172.67.144.149:80,http,11.243995
152.169.106.145:8080,http,2.112548
154.64.211.145:999,http,2.097785
14.20.235.61:808,http,3.540725
159.112.235.78:80,http,18.83509
159.192.240.148:8080,http,2.772634
172.67.181.203:80,http,10.437255
172.64.69.135:80,http,12.221355
172.64.136.64:80,http,12.521936
172.67.181.205:80,http,10.48726
172.67.152.152:80,http,12.28329
172.67.190.45:80,http,10.258672
172.67.185.155:80,http,10.249109
172.64.68.47:80,http,12.510672
172.67.61.104:80,http,9.936206
172.64.144.2:80,http,12.617081
157.245.222.183:80,http,0.092718
172.67.180.60:80,http,12.131241
165.227.235.29:80,http,16.354241
143.198.182.218:80,http,2.097951
143.202.96.33:999,http,3.880797
172.67.164.239:80,http,12.52571
154.212.6.87:999,http,2.880162
173.245.49.98:80,http,9.838242
172.67.236.28:80,http,10.341011
172.67.177.185:80,http,12.324234
154.236.184.84:1981,http,2.649288
148.251.150.106:3128,http,3.349328
154.0.12.57:8080,http,4.09092
152.200.154.57:999,http,4.106832
172.67.172.177:80,http,12.507657
121.37.107.105:59394,http,15.028848
172.67.181.202:80,http,11.046697
156.200.127.1:1981,http,0.455431
157.100.12.138:999,http,0.531254
172.67.181.146:80,http,12.31265
172.67.9.162:80,http,10.29282
172.67.235.253:80,http,10.578387
172.67.205.0:80,http,10.662814
172.67.181.210:80,http,11.119089
172.67.41.42:80,http,10.514119
172.67.180.7:80,http,12.564233
172.67.197.124:80,http,10.808889
178.62.229.24:7657,socks5,6.041152
162.155.10.150:55443,http,7.107654
162.159.200.138:80,http,18.127057
172.67.117.48:80,http,13.160867
172.67.181.49:80,http,11.211245
172.67.179.215:80,http,12.79924
139.159.176.147:8090,http,11.894511
172.67.165.43:80,http,13.109617
172.64.175.59:80,http,13.363586
172.67.56.50:80,http,10.780058
172.67.181.103:80,http,12.878732
172.67.65.209:80,http,10.702944
154.197.25.105:999,http,4.141286
172.67.176.22:80,http,13.001959
172.67.176.152:80,http,13.137391
172.67.182.64:80,http,11.320233
172.67.22.22:80,http,11.123247
172.67.198.165:80,http,11.253155
172.67.181.215:80,http,11.630003
172.67.182.34:80,http,11.405963
154.13.4.79:59394,http,4.782987
154.236.168.169:1981,http,3.523363
172.67.167.92:80,http,13.283579
172.64.202.2:80,http,13.554277
182.253.173.89:5678,socks4,0.70274
172.67.192.25:80,http,11.38372
172.67.181.194:80,http,11.759417
172.67.176.151:80,http,13.242725
157.245.27.9:3128,http,0.265816
172.64.171.72:80,http,13.697021
154.236.168.179:1981,http,3.543317
172.64.205.37:80,http,13.67506
172.67.3.100:80,http,11.304235
172.67.122.146:80,http,13.616798
138.121.55.239:8080,http,8.387745
157.100.55.143:999,http,1.580999
172.67.182.52:80,http,11.680076
156.200.116.70:1981,http,1.500567
143.0.67.18:8080,http,8.269818
172.67.181.17:80,http,12.279944
143.0.67.19:8080,http,8.271241
172.67.181.87:80,http,11.740411
172.67.164.202:80,http,13.697103
172.67.192.50:80,http,11.65282
172.67.181.212:80,http,11.983086
183.17.226.224:1080,socks5,1.111735
172.67.181.193:80,http,12.536093
172.67.251.80:80,http,11.506927
172.64.145.67:80,http,14.017039
172.67.238.242:80,http,11.559779
172.67.78.11:80,http,11.34845
157.254.193.139:80,http,0.564007
172.67.181.51:80,http,11.967356
182.61.201.201:80,http,0.565068
181.111.175.234:4153,socks4,3.676597
154.236.189.14:1974,http,3.542711
172.67.0.91:80,http,13.989711
172.67.4.245:80,http,11.580778
172.67.202.243:80,http,11.852993
159.223.217.234:80,http,0.251259
172.67.179.204:80,http,13.633853
172.67.219.60:80,http,11.843727
147.182.146.92:3128,http,5.445422
172.67.43.240:80,http,11.678913
172.64.108.35:80,http,14.351446
172.67.70.237:80,http,11.549108
172.67.3.109:80,http,11.728935
183.237.177.31:9091,http,0.470921
172.67.43.72:80,http,11.717082
183.233.169.226:9091,http,0.451997
148.0.106.254:8080,http,5.120085
183.239.62.59:9091,http,0.487182
172.67.181.163:80,http,12.721373
183.237.47.54:9091,http,0.493961
172.67.33.168:80,http,11.790251
172.67.98.74:80,http,11.606537
172.67.188.10:80,http,12.109726
143.244.133.78:80,http,5.364328
172.67.191.44:80,http,12.126792
172.67.181.41:80,http,12.367661
172.67.43.85:80,http,11.809146
172.67.167.79:80,http,14.183264
165.227.199.206:36641,socks4,8.858963
172.67.126.162:80,http,14.277084
172.64.91.117:80,http,14.438422
172.67.59.188:80,http,11.816377
172.67.182.85:80,http,12.290386
172.67.38.30:80,http,11.935857
172.67.70.0:80,http,11.855005
172.67.191.250:80,http,12.296097
172.67.229.246:80,http,12.146535
172.64.151.2:80,http,14.592887
172.67.236.0:80,http,12.106841
172.67.207.89:80,http,12.126712
172.67.54.166:80,http,11.951744
172.67.182.53:80,http,12.385526
172.67.176.183:80,http,14.296406
172.67.181.35:80,http,12.676158
182.253.71.122:5678,socks4,1.701116
178.128.174.173:80,http,7.573992
183.221.242.102:9443,http,0.857241
172.67.181.79:80,http,12.485634
173.167.64.58:80,http,11.615599
172.67.42.192:80,http,12.153225
172.67.50.191:80,http,12.055571
183.221.242.103:9443,http,0.845667
172.67.75.174:80,http,11.981286
172.67.181.18:80,http,13.137349
183.220.6.198:9091,http,0.871575
172.64.149.94:80,http,14.746803
172.67.181.25:80,http,12.763039
181.176.211.168:80,http,3.598419
157.90.50.153:8080,http,1.444999
170.79.88.93:999,http,0.434501
143.137.83.137:999,http,5.885265
160.119.128.102:21213,http,5.530661
184.170.245.148:4145,socks5,0.424618
184.170.249.65:4145,socks5,0.422418
154.236.189.29:8080,http,4.662522
183.247.199.114:30001,http,1.325255
150.230.247.180:8080,http,6.085488
154.236.184.71:1981,http,5.375988
183.247.221.119:30001,http,2.444006
174.75.211.222:4145,socks4,3.370028
151.22.181.214:8080,http,3.242602
184.181.217.206:4145,socks5,1.674419
148.101.179.182:8080,http,7.108853
184.178.172.18:15280,socks5,1.794223
159.27.27.189:9999,http,2.357973
184.178.172.5:15303,socks5,1.820359
184.185.2.12:4145,socks5,1.732587
167.71.190.253:80,http,0.132133
184.178.172.25:15291,socks5,2.087837
150.230.211.74:8080,http,0.579169
164.92.160.38:8080,http,0.62457
177.207.192.137:4145,socks4,2.329932
161.97.126.37:8118,http,0.625367
184.178.172.23:4145,socks5,2.209674
165.154.243.247:80,http,0.705084
165.154.243.78:80,http,0.760058
177.104.87.23:5678,socks4,2.711151
159.69.119.42:3128,http,2.909767
166.104.231.44:8888,http,0.602792
164.92.73.145:3128,http,0.30424
167.86.80.102:3128,http,0.282852
167.71.72.97:3128,http,0.2455
161.97.92.160:80,http,0.628306
175.144.198.226:31694,socks4,3.897106
152.32.67.243:10101,http,0.56399
164.52.206.180:80,http,0.989692
177.36.185.181:5678,socks4,0.902567
167.71.230.124:8080,http,0.602135
183.56.210.25:11080,socks5,4.618206
146.56.119.252:80,http,1.665755
177.105.68.220:4153,socks4,3.566516
178.49.49.130:1080,socks4,0.867336
179.27.81.43:5678,socks4,0.647858
177.72.113.161:31164,socks4,1.522814
163.177.106.4:8001,http,1.705001
177.93.77.2:4145,socks4,1.791086
170.78.21.238:8080,http,1.613215
180.183.34.53:4153,socks4,0.756562
149.28.95.93:8080,http,9.202852
156.67.217.159:80,http,7.516083
181.115.35.148:5678,socks4,8.561608
185.162.228.20:80,http,4.783612
168.194.171.16:999,http,2.290619
155.93.96.210:8080,http,6.019711
170.233.192.81:999,http,3.005736
138.94.236.71:8080,http,10.96295
170.79.91.102:8080,http,3.041263
166.111.135.73:4780,http,3.574549
146.59.199.12:80,http,10.762645
157.100.52.149:999,http,7.804374
166.111.83.64:4780,http,3.758205
172.120.119.209:9527,http,0.134761
185.234.247.80:1080,socks5,1.725221
185.162.228.30:80,http,5.009819
185.162.228.136:80,http,5.134654
185.162.228.135:80,http,5.254454
185.185.70.107:80,http,0.392385
185.162.228.208:80,http,5.331419
185.162.229.127:80,http,5.49608
185.162.228.192:80,http,5.693948
170.79.116.26:8080,http,3.862378
185.162.228.162:80,http,5.737773
185.235.16.12:80,http,0.551375
179.97.193.250:4153,socks4,3.580466
181.188.187.139:5678,socks4,0.617986
185.6.10.17:29035,socks5,0.54618
185.162.228.249:80,http,6.12517
177.66.244.100:5678,socks4,7.660324
185.61.152.137:8080,http,0.264466
185.32.120.242:1080,socks5,1.074674
185.162.228.210:80,http,6.343866
185.162.228.248:80,http,6.326521
170.80.202.246:999,http,4.594276
185.162.228.239:80,http,6.735894
185.162.228.93:80,http,6.744509
177.12.177.242:4153,socks4,7.66375
180.183.131.117:8080,http,2.376867
185.162.228.242:80,http,6.847743
169.239.85.105:8080,http,2.070325
177.136.124.45:56113,socks4,7.776023
185.162.228.245:80,http,7.119155
161.35.223.141:80,http,2.14016
185.162.228.10:80,http,7.298061
185.162.229.151:80,http,7.074077
185.162.228.0:80,http,7.327601
177.131.29.208:4153,socks4,8.034054
185.162.229.131:80,http,7.184684
185.162.228.171:80,http,7.519077
185.78.18.34:5678,socks4,0.624023
158.51.107.253:8080,http,9.431158
167.250.180.6:6969,http,2.78808
185.162.228.32:80,http,7.644343
168.232.26.195:3128,http,5.096547
185.162.228.95:80,http,7.6916
152.231.25.58:8080,http,6.04897
187.32.189.25:5678,socks4,1.361977
157.100.53.109:999,http,8.195945
185.162.229.135:80,http,9.341167
157.90.206.2:8080,http,11.088282
185.162.228.81:80,http,9.407243
173.212.224.134:3129,http,1.638051
174.94.227.20:80,http,0.374501
185.162.228.195:80,http,9.587784
185.162.228.155:80,http,9.668967
185.162.229.123:80,http,9.536304
185.162.228.222:80,http,9.667331
184.105.133.1:48324,socks4,0.172929
185.162.228.187:80,http,9.608638
180.164.95.161:8085,http,8.025168
185.162.228.168:80,http,9.762063
185.162.229.167:80,http,7.802547
185.6.9.159:31358,socks5,4.339155
178.150.188.118:1099,socks4,8.500086
185.162.228.252:80,http,9.81029
181.15.154.154:52033,socks4,4.716918
179.40.75.1:61362,socks4,7.789053
185.162.229.156:80,http,9.751817
182.253.157.231:3128,http,0.914698
178.238.25.174:1337,socks4,8.418625
181.115.75.102:5678,socks4,5.267141
161.132.125.244:8080,http,2.653743
173.212.250.65:61927,socks4,12.706567
176.98.22.224:8181,http,1.482882
165.16.27.36:1981,http,9.325448
154.236.177.100:1976,http,8.036763
180.180.12.51:4145,socks4,8.111647
168.90.14.162:999,http,5.744757
149.34.3.152:8080,http,9.574221
154.236.184.70:1975,http,8.42756
170.83.242.250:999,http,5.824967
186.190.228.83:4153,socks4,1.338249
185.162.229.46:80,http,8.992958
185.162.229.226:80,http,9.364027
170.81.171.189:8080,http,9.264285
185.162.229.143:80,http,11.230499
185.162.229.154:80,http,11.277328
185.162.229.180:80,http,10.185214
188.82.97.82:80,http,0.57794
185.162.228.68:80,http,11.532816
185.162.228.48:80,http,11.651992
167.172.136.107:80,http,9.917964
177.52.221.125:3128,http,0.271864
176.236.85.246:9090,http,2.123132
176.110.121.90:21776,http,2.694613
175.9.236.117:4780,http,2.1547
185.162.230.148:80,http,9.535688
177.53.214.74:999,http,0.396714
168.228.168.221:80,http,2.719863
185.162.228.178:80,http,12.159588
172.105.216.60:443,http,7.301101
168.181.196.76:8080,http,8.262032
178.63.133.25:80,http,0.969729
179.1.129.141:999,http,1.028794
170.150.32.206:8080,http,11.67866
151.80.136.138:3128,http,16.324625
176.236.141.30:10001,http,4.2421
183.88.188.69:8080,http,3.563411
178.153.31.224:8080,http,2.126481
185.162.231.120:80,http,10.820254
185.162.228.89:80,http,13.579563
178.32.101.200:80,http,1.573811
185.162.229.186:80,http,12.384402
185.162.229.204:80,http,11.770166
18.217.102.203:80,http,0.17027
18.224.216.16:80,http,0.193105
185.162.229.92:80,http,11.493829
185.162.229.189:80,http,12.28572
185.162.229.234:80,http,11.670003
177.141.99.50:8080,http,4.068794
185.162.229.38:80,http,11.718141
185.162.231.111:80,http,11.118038
185.162.229.192:80,http,12.285058
185.162.230.248:80,http,11.419047
185.162.229.187:80,http,12.751017
185.162.230.109:80,http,11.780604
179.96.28.58:80,http,0.536012
185.162.231.147:80,http,11.226589
185.220.86.47:5678,socks4,0.742244
177.234.217.92:999,http,4.504338
185.162.229.164:80,http,14.07849
178.208.66.243:3128,http,0.86862
185.162.231.163:80,http,11.505112
182.106.220.252:9091,http,9.192657
157.230.48.29:3128,http,9.54781
176.236.191.17:3111,http,4.938707
185.162.231.96:80,http,11.341138
179.60.235.251:8094,http,2.256671
185.6.10.17:58673,socks5,9.070715
167.99.236.14:80,http,11.811414
185.162.229.153:80,http,13.229715
179.1.77.222:999,http,2.588446
188.165.45.156:40278,socks5,4.67741
185.162.231.62:80,http,11.61005
179.216.23.97:80,http,1.352398
185.238.228.124:80,http,11.195015
185.162.231.216:80,http,11.765795
177.93.50.164:999,http,3.659787
185.162.230.115:80,http,12.524347
177.93.38.25:999,http,3.177554
179.57.1.172:999,http,2.658535
184.181.217.220:4145,socks4,5.126228
185.162.230.213:80,http,12.427043
185.162.230.117:80,http,12.629327
185.162.230.242:80,http,12.490072
179.60.235.249:8094,http,2.838696
190.15.247.190:5678,socks4,1.900556
180.180.218.250:8080,http,1.909537
187.210.68.101:7497,socks5,8.057528
185.162.230.196:80,http,12.698504
170.238.200.242:999,http,10.364897
178.238.125.38:21345,http,3.444
188.114.99.137:80,http,7.597805
182.52.67.122:50801,socks4,7.974768
176.99.2.43:1081,http,5.91779
185.162.230.88:80,http,12.76506
185.162.230.75:80,http,12.854063
185.162.229.61:80,http,13.36878
167.172.158.85:81,http,14.535924
185.238.228.205:80,http,12.088472
185.238.228.59:80,http,12.064912
185.162.230.12:80,http,13.32771
185.162.229.52:80,http,13.527056
185.162.229.90:80,http,13.483946
176.115.197.118:8080,http,6.110636
180.102.134.100:9002,http,2.377327
185.162.230.243:80,http,13.427874
182.93.85.49:5678,socks4,8.326452
192.111.129.145:16894,socks5,0.423913
180.245.52.234:80,http,0.588218
171.100.154.243:80,http,10.084634
181.115.93.75:999,http,0.996262
185.162.230.166:80,http,13.769336
185.162.229.207:80,http,14.270214
185.162.230.140:80,http,13.89432
185.162.231.65:80,http,13.214073
185.238.228.9:80,http,11.376134
185.162.229.206:80,http,14.439501
185.162.230.62:80,http,13.678054
181.212.41.172:999,http,0.747175
179.107.51.9:5566,http,0.934225
181.10.160.157:8080,http,1.950604
176.56.107.205:33911,http,8.284169
185.162.231.222:80,http,14.39775
185.162.229.237:80,http,15.336836
185.162.230.245:80,http,14.886114
178.217.172.206:55443,http,3.967613
185.238.228.228:80,http,14.004035
181.204.17.173:999,http,2.223554
185.162.229.181:80,http,16.202272
185.238.228.61:80,http,13.030878
185.162.229.41:80,http,15.450603
185.162.231.33:80,http,14.417895
180.253.157.126:8080,http,2.275495
185.162.230.216:80,http,15.145674
185.162.229.93:80,http,15.400843
181.204.162.42:8080,http,2.256865
185.162.229.247:80,http,15.487807
185.65.245.46:4913,socks4,1.992797
185.162.228.83:80,http,17.494809
185.162.229.1:80,http,15.800117
185.238.228.186:80,http,14.16544
185.162.229.21:80,http,15.69743
190.83.3.24:1080,socks4,2.383474
185.162.230.94:80,http,14.912127
185.162.231.5:80,http,14.583695
185.162.230.217:80,http,15.207471
185.162.231.177:80,http,14.76267
180.234.167.41:8080,http,1.833286
181.232.190.182:999,http,2.009807
185.238.228.84:80,http,12.802081
185.162.230.7:80,http,15.063681
177.52.221.245:999,http,8.553365
185.162.231.16:80,http,14.948865
185.162.229.233:80,http,15.936768
185.238.228.5:80,http,13.225799
188.114.96.16:80,http,10.368696
185.162.229.98:80,http,15.689893
185.162.229.210:80,http,15.986589
185.162.230.11:80,http,15.608987
185.162.230.128:80,http,15.588125
185.162.231.1:80,http,14.994508
185.162.231.70:80,http,14.862707
185.162.229.141:80,http,16.518878
185.162.231.6:80,http,14.892166
185.162.229.86:80,http,15.71158
192.163.203.139:3481,socks5,1.87543
185.162.229.34:80,http,15.851503
185.162.231.141:80,http,15.170086
181.232.190.178:999,http,0.767841
181.209.95.13:999,http,2.559301
185.162.229.94:80,http,15.832269
188.114.99.234:80,http,10.353262
185.162.231.203:80,http,15.199202
173.230.152.250:80,http,10.336025
185.162.230.67:80,http,15.537578
185.162.231.51:80,http,15.193267
185.238.228.57:80,http,13.353796
185.162.231.122:80,http,15.4594
185.162.231.129:80,http,15.417233
185.162.230.64:80,http,15.551079
192.252.220.92:17328,socks5,0.265594
185.162.231.225:80,http,15.338132
185.162.231.23:80,http,15.293613
185.162.230.30:80,http,15.776144
185.22.29.75:80,http,12.533278
192.252.208.67:14287,socks5,0.394964
185.162.231.207:80,http,15.451411
182.253.109.41:8080,http,0.697213
185.238.228.254:80,http,14.891939
185.238.228.170:80,http,14.980729
185.162.229.6:80,http,16.335717
185.162.231.181:80,http,15.587701
188.114.96.31:80,http,10.977965
188.114.96.3:80,http,10.936819
185.162.231.152:80,http,15.713663
185.162.230.93:80,http,15.798605
185.162.230.195:80,http,16.130484
185.162.231.166:80,http,15.696642
185.162.231.35:80,http,15.598809
185.162.230.78:80,http,15.862756
185.162.231.164:80,http,15.755151
185.162.230.48:80,http,16.058431
181.129.149.34:999,http,2.47479
188.114.96.253:80,http,11.193373
185.162.230.237:80,http,16.263371
185.60.216.35:80,http,12.571627
180.178.188.126:8080,http,2.970015
185.162.230.142:80,http,16.435994
177.135.247.119:8080,http,9.56681
185.162.230.212:80,http,16.355403
185.238.228.65:80,http,14.035716
185.238.228.189:80,http,15.381412
185.162.231.174:80,http,15.989876
181.129.14.163:999,http,2.633228
185.162.231.89:80,http,15.831413
187.86.153.254:30660,socks4,1.60808
185.238.228.91:80,http,13.800983
188.114.99.171:80,http,11.254658
185.162.231.128:80,http,16.220208
185.162.230.34:80,http,16.491832
185.162.231.90:80,http,16.018178
185.162.229.53:80,http,16.98311
185.162.229.60:80,http,16.983681
185.238.228.89:80,http,14.034454
181.209.86.187:8080,http,3.491104
188.114.96.4:80,http,11.674063
186.225.194.78:34110,socks4,1.689182
193.187.187.112:80,http,0.454291
180.92.194.235:80,http,3.122815
180.94.69.66:8080,http,3.786086
192.252.208.70:14282,socks5,1.41905
188.114.98.234:80,http,11.709989
188.114.97.9:80,http,11.74219
185.162.230.194:80,http,17.117221
179.49.117.226:999,http,10.036232
185.162.230.162:80,http,17.197836
186.183.158.186:5678,socks4,3.421873
185.238.228.86:80,http,14.701735
188.114.96.8:80,http,12.048874
185.238.228.240:80,http,16.17543
188.114.99.153:80,http,12.041733
185.162.231.171:80,http,16.828602
188.114.97.201:80,http,12.047932
188.114.96.255:80,http,12.265755
178.159.126.93:8080,http,6.41898
185.238.228.136:80,http,16.312989
188.114.96.90:80,http,12.193273
185.162.230.66:80,http,17.29738
185.147.35.240:80,http,0.110071
177.234.238.36:8080,http,5.226811
188.114.97.19:80,http,12.353432
185.238.228.63:80,http,15.091003
181.78.104.201:999,http,0.874897
188.114.99.202:80,http,12.291358
188.114.96.92:80,http,12.483531
181.13.254.54:999,http,4.857188
182.92.75.205:60080,http,0.703245
183.172.89.118:7891,http,0.689734
179.184.165.181:8080,http,3.073278
185.123.101.174:4443,http,0.309195
188.114.96.38:80,http,12.792923
190.93.245.2:80,http,6.043175
188.114.96.65:80,http,12.836329
188.114.96.79:80,http,12.870631
179.1.192.17:999,http,8.48861
183.172.194.48:4780,http,0.902204
182.72.203.243:80,http,1.175591
181.143.106.162:52151,http,5.415733
195.154.43.10:41276,socks5,2.348161
183.89.10.167:8080,http,2.099972
182.92.161.220:60080,http,1.801453
183.172.33.245:4780,http,1.60133
181.174.224.194:999,http,1.100148
181.65.138.243:8080,http,4.342707
179.189.125.222:8080,http,1.668523
191.101.251.153:80,http,7.110635
195.154.43.106:41276,socks5,2.786909
191.101.251.178:80,http,7.134768
190.139.7.34:5678,socks4,2.534364
190.93.245.41:80,http,7.532998
178.62.92.133:80,http,9.679468
182.52.137.140:8080,http,4.219323
178.47.141.85:2580,http,6.785818
190.93.244.26:80,http,7.561125
191.101.251.173:80,http,7.467183
188.114.99.205:80,http,14.126907
191.101.251.2:80,http,7.396112
191.101.251.131:80,http,7.480484
191.101.251.60:80,http,7.285011
191.101.251.37:80,http,7.323397
191.101.251.240:80,http,7.284791
191.101.251.146:80,http,7.375742
182.52.68.216:8080,http,4.053522
187.115.3.186:5678,socks4,4.688145
190.93.245.9:80,http,7.586836
191.101.251.169:80,http,7.540495
191.101.251.228:80,http,7.45369
191.101.251.4:80,http,7.344207
185.19.0.52:4153,socks4,8.650692
190.93.247.9:80,http,7.546921
195.245.221.37:80,http,2.104495
191.101.251.133:80,http,7.553066
191.101.251.45:80,http,7.382995
191.101.251.79:80,http,7.362458
191.101.251.64:80,http,7.375922
190.93.247.0:80,http,7.62328
191.101.251.245:80,http,7.395587
190.93.246.148:80,http,7.563506
191.101.251.171:80,http,7.566888
191.101.251.227:80,http,7.441894
191.101.251.244:80,http,7.390728
191.101.251.189:80,http,7.568002
189.90.45.34:5678,socks4,3.796573
194.78.221.88:8111,socks5,3.330851
179.43.96.178:8080,http,8.684495
188.93.64.242:4153,socks4,1.918538
177.234.164.50:8080,http,11.248693
198.54.124.78:7497,socks5,0.183125
190.182.88.242:30619,socks4,0.359726
189.203.10.8:3128,http,0.622818
198.8.94.170:4145,socks5,0.422588
183.173.49.187:4780,http,3.046891
185.33.170.167:9999,http,3.528042
188.40.96.177:9050,socks5,12.563176
188.132.222.40:8080,http,0.973659
181.115.200.59:3128,http,7.838222
181.176.211.168:8080,http,7.581157
180.211.183.2:8080,http,8.210851
198.41.200.3:80,http,1.015093
177.234.244.171:999,http,13.029053
198.41.208.61:80,http,1.002095
198.41.205.195:80,http,1.016278
198.41.200.227:80,http,1.013629
198.41.201.43:80,http,1.058615
198.41.204.149:80,http,1.10645
20.212.220.248:7777,socks5,0.814256
198.41.218.26:80,http,1.113335
198.41.221.245:80,http,1.174871
198.41.200.18:80,http,1.223872
198.41.217.61:80,http,1.221755
198.41.205.12:80,http,1.229773
198.41.200.68:80,http,1.22948
199.36.158.100:80,http,1.108019
195.210.172.46:58350,socks4,0.602909
198.8.94.174:39078,socks5,1.480196
20.121.184.238:9443,http,0.080563
181.225.240.82:3129,http,1.822315
185.217.137.241:1337,http,0.301439
185.217.137.242:1337,http,0.301865
185.217.137.216:1337,http,0.242292
185.200.240.125:80,http,0.14586
200.41.60.33:4153,socks4,1.258236
181.78.104.183:999,http,8.855983
181.78.0.165:999,http,8.852552
183.88.116.77:8080,http,3.340157
185.191.76.84:80,http,1.248952
177.25.40.146:4343,http,10.276883
177.93.50.106:999,http,4.694194
200.32.105.86:4153,socks4,1.271612
200.41.182.243:4145,socks4,1.303877
181.225.54.59:6969,http,5.419343
20.194.219.228:80,http,1.060301
182.52.229.165:8080,http,7.706861
185.12.150.98:10398,socks4,15.657009
190.121.207.158:999,http,1.772111
196.41.46.242:5678,socks4,1.491893
201.221.134.74:5678,socks4,0.364741
190.180.35.146:5678,socks4,3.61583
190.151.166.116:4153,socks4,3.709994
181.212.41.171:999,http,2.030343
191.31.103.58:5678,socks4,0.807403
201.234.24.1:4153,socks4,0.951188
181.78.65.234:999,http,2.466889
181.232.190.138:999,http,10.403633
181.232.190.45:999,http,10.385961
200.52.153.204:5678,socks4,1.331895
181.198.62.154:999,http,11.037952
192.171.119.166:53149,socks4,0.144493
181.78.94.22:9991,http,10.03969
181.48.107.26:999,http,10.433156
199.241.139.74:30624,socks5,4.204201
202.148.5.34:5678,socks4,0.735822
185.233.94.239:8080,http,3.078869
185.39.50.2:1337,http,1.336883
201.234.24.89:4153,socks4,1.907651
201.184.155.20:5678,socks4,0.378538
181.205.41.210:7654,http,4.048139
190.3.72.38:3629,socks4,3.70531
183.88.130.105:8080,http,9.178954
185.103.181.2:8080,http,8.360272
185.8.165.134:8800,http,2.520051
181.211.255.129:9898,http,5.123804
185.118.155.202:8080,http,8.764581
186.208.139.192:8080,http,2.233074
187.19.203.64:8080,http,1.411211
20.121.184.238:80,http,0.095182
188.0.147.102:3128,http,0.736339
185.255.47.7:8080,http,9.191622
187.63.156.37:999,http,2.481715
195.140.226.32:5678,socks4,3.574079
186.125.218.169:999,http,4.258581
189.164.91.75:10101,http,1.53919
187.190.114.38:999,http,8.544991
186.232.119.58:3128,http,1.866434
192.169.217.153:17228,socks4,4.835104
186.67.175.2:999,http,2.40866
188.132.222.6:8080,http,1.248221
185.54.178.185:8080,http,3.615292
188.124.250.138:8008,http,1.911245
197.232.39.208:14880,socks4,1.039559
187.115.10.50:20183,http,5.356826
188.132.222.23:8080,http,2.238487
190.214.27.46:5678,socks4,9.200784
188.121.134.59:8080,http,4.189682
187.62.195.145:8080,http,5.203834
185.51.10.19:80,http,7.143124
180.211.179.126:8080,http,17.820545
197.245.230.122:43246,socks4,3.439714
190.104.168.19:80,http,0.552423
188.240.192.92:8090,http,3.039662
188.120.195.99:3128,http,4.920666
185.216.116.18:80,http,1.845728
195.120.78.30:5678,socks4,4.483871
186.194.119.205:5566,http,6.093745
190.109.15.190:999,http,2.042578
185.126.95.27:3128,http,9.06173
186.97.172.178:60080,http,6.643831
200.108.250.194:4153,socks4,0.914842
190.113.41.163:999,http,2.573553
200.199.195.138:4145,socks4,1.133836
187.32.227.64:8080,http,5.070667
202.181.14.23:3128,http,0.719548
190.54.100.74:8080,http,0.300783
190.2.213.115:999,http,1.710461
190.121.128.217:999,http,2.056256
203.13.32.114:80,http,9.003797
190.61.57.43:8080,http,0.930815
190.61.57.45:8080,http,0.928447
190.26.212.53:999,http,0.96571
188.133.173.21:8080,http,1.833792
190.7.223.69:80,http,0.288616
190.61.84.166:9812,http,2.538786
190.43.92.93:999,http,2.493123
189.73.50.58:8080,http,3.835099
190.104.1.19:999,http,2.009694
189.198.250.210:999,http,5.429785
190.102.226.196:999,http,1.672673
190.109.17.134:999,http,2.04625
190.109.18.65:8080,http,4.096195
188.132.222.22:8080,http,3.863929
185.255.46.121:8080,http,9.619944
189.252.224.48:80,http,6.126894
190.61.61.66:8080,http,2.086794
203.13.32.241:80,http,10.958331
200.55.25.15:5678,socks4,3.778478
187.250.120.233:999,http,2.301082
190.186.18.161:999,http,3.722583
197.255.253.33:5678,socks4,4.662358
202.57.55.242:38268,socks4,3.980108
193.34.161.137:44436,socks4,9.04451
196.0.111.186:46048,socks4,4.225662
203.194.21.241:4153,socks4,0.60312
202.138.242.6:38373,socks4,8.702179
187.63.156.38:999,http,7.407006
194.44.15.222:8081,http,4.817798
190.83.3.33:999,http,2.695772
190.89.37.73:999,http,3.790545
192.155.95.228:10801,http,1.114798
190.128.129.10:8080,http,4.71433
187.73.188.35:8080,http,1.469238
184.107.73.150:80,http,13.433768
190.63.35.30:9812,http,3.224891
190.26.217.102:999,http,1.438692
190.2.215.210:999,http,3.144192
203.156.190.5:5678,socks4,1.89154
203.130.18.122:45919,socks4,1.931009
190.121.153.93:999,http,3.777957
191.243.166.18:3128,http,4.364587
188.132.222.7:8080,http,9.538222
203.13.32.208:80,http,13.354246
186.208.81.214:3129,http,13.189117
186.154.147.166:9812,http,9.342098
190.186.159.17:999,http,6.737223
191.102.68.178:999,http,1.074168
195.138.90.226:3128,http,8.890544
190.90.154.195:999,http,1.022671
190.60.39.194:999,http,5.729103
193.253.182.8:80,http,1.14311
187.6.108.42:8080,http,12.580936
203.210.85.140:8080,http,1.170166
206.220.175.2:4145,socks5,0.239186
205.240.77.164:4145,socks5,0.63528
188.43.228.25:8080,http,9.960767
191.97.16.129:999,http,4.959203
191.252.196.14:8888,http,5.126914
202.59.173.204:1080,socks4,3.708129
188.133.136.86:1256,http,3.164704
206.189.35.133:1080,socks5,0.817376
190.152.8.74:41890,http,7.664349
190.152.182.150:41890,http,8.021857
190.128.148.66:8080,http,2.29543
196.219.202.74:8080,http,1.502958
190.103.28.93:999,http,10.410483
195.3.246.209:3128,http,0.654975
203.113.117.48:4153,socks4,5.099539
189.202.239.171:999,http,9.224158
203.13.32.20:80,http,16.061358
191.97.19.158:999,http,5.049824
203.89.126.250:80,http,1.648082
188.17.117.126:3128,http,9.578498
197.232.152.244:41890,http,1.792124
194.169.167.5:8080,http,2.508576
212.118.36.211:1080,socks5,0.579067
201.217.49.2:80,http,5.347811
189.121.227.30:8080,http,4.41278
211.140.252.244:7300,socks5,2.246683
203.13.32.221:80,http,17.374968
200.13.22.210:80,http,0.124825
188.235.130.50:8080,http,12.071647
20.239.27.216:3128,http,0.428801
212.107.28.122:80,http,0.412254
203.13.32.133:80,http,18.13556
195.201.34.206:80,http,4.276046
20.204.53.16:3128,http,0.803312
187.94.211.214:8080,http,9.114666
200.116.198.222:9812,http,0.947238
208.102.51.6:58208,socks5,4.215701
203.13.32.160:80,http,18.487831
213.230.97.98:3128,http,0.687484
190.43.232.29:999,http,1.526046
188.246.185.42:8080,http,13.286347
211.140.132.150:8193,http,2.100716
200.106.184.97:999,http,1.900719
198.59.191.234:8080,http,1.694614
200.25.254.193:54240,http,1.429967
201.174.10.170:999,http,1.158749
192.155.95.228:10000,http,1.783775
193.56.118.201:443,http,6.790201
190.186.1.65:999,http,12.13211
196.216.132.199:8080,http,6.482033
190.61.55.141:999,http,8.322901
201.150.119.120:999,http,1.695299
203.13.32.101:80,http,19.733813
196.251.222.154:8080,http,5.030041
211.161.103.139:9091,http,3.175982
220.163.83.250:7302,socks5,1.279729
187.95.34.135:8080,http,10.731617
201.20.67.70:8080,http,1.501857
203.13.32.161:80,http,20.00475
222.174.252.54:7300,socks5,1.222621
221.132.28.18:8090,http,0.55143
200.24.157.121:999,http,2.628942
196.2.15.159:8080,http,6.026375
221.6.215.202:9091,http,0.666688
201.182.251.157:8080,http,0.77309
200.106.124.150:999,http,3.208855
197.157.143.50:8080,http,2.637945
201.222.45.51:999,http,2.265289
200.24.141.91:999,http,3.280994
223.84.240.36:9091,http,2.079849
201.186.40.142:999,http,2.929762
201.174.17.126:999,http,4.20434
24.119.19.166:3820,socks5,1.943628
218.89.51.167:9091,http,2.777583
196.3.97.82:23500,http,7.435455
212.252.73.6:8080,http,3.360209
201.33.248.93:8888,http,2.304368
223.113.80.158:9091,http,2.600797
196.0.111.194:34638,http,8.121448
223.112.174.62:9091,http,2.722465
201.77.108.149:999,http,2.824466
201.244.108.141:8080,http,4.168443
203.13.32.18:80,http,22.336226
203.13.32.153:80,http,22.533461
203.134.66.85:3128,http,0.394676
200.106.187.252:999,http,5.107003
211.138.6.37:9091,http,5.456279
222.180.240.62:9091,http,2.261762
222.165.215.117:52667,socks4,2.419787
203.13.32.81:80,http,22.371572
194.186.35.70:3128,http,9.918196
203.202.248.118:8080,http,1.045421
203.198.207.253:80,http,0.397504
202.142.158.114:8080,http,3.200618
222.94.145.217:1080,socks5,4.1025
3.220.186.248:80,http,0.175343
191.97.1.89:999,http,9.377235
200.29.237.158:999,http,5.812488
201.71.2.152:999,http,3.834589
223.100.241.162:7302,socks5,4.373807
203.13.32.142:80,http,23.362288
217.117.138.150:3629,socks4,5.343589
200.8.190.45:999,http,4.453227
201.77.108.72:999,http,4.260077
213.81.178.115:5678,socks4,1.500656
24.249.199.4:4145,socks5,3.605434
201.77.108.225:999,http,5.562163
200.54.194.10:53281,http,6.318674
203.114.65.85:65535,http,0.559577
203.13.32.6:80,http,23.583811
222.179.155.90:9091,http,3.824568
34.223.105.122:80,http,0.191844
31.186.239.245:8080,http,0.545402
31.186.239.246:8080,http,0.519872
201.219.247.34:999,http,6.184466
20.121.184.238:443,http,0.0836
203.22.223.20:80,http,23.585107
27.72.89.136:8888,http,0.602286
203.143.25.209:8080,http,2.193853
34.247.227.92:80,http,0.387744
192.36.61.188:3128,http,12.377045
201.71.2.49:999,http,2.701071
202.65.171.67:8080,http,3.291661
27.130.120.46:5678,socks4,1.734825
36.32.50.30:8085,http,0.690534
200.10.68.41:999,http,8.783205
201.150.119.96:999,http,8.039226
203.13.32.126:80,http,26.041687
36.92.81.181:4145,socks4,0.692234
222.174.252.54:7302,socks5,7.281594
201.220.150.89:999,http,7.84941
202.131.159.218:80,http,3.056146
196.203.83.249:9090,http,11.905415
200.32.80.54:999,http,9.326144
201.229.250.19:8080,http,8.530163
197.245.230.122:41026,http,9.933384
195.133.49.95:3128,http,10.941715
36.91.17.17:5678,socks4,2.015636
202.91.70.202:83,http,5.887619
200.6.185.62:6969,http,10.659834
203.13.32.3:80,http,28.057285
200.55.255.242:8083,http,6.004365
36.89.252.90:5678,socks4,3.226722
202.75.103.194:5678,socks4,17.614295
201.220.112.98:999,http,10.791997
203.13.32.36:80,http,28.020001
203.22.223.160:80,http,28.046703
220.132.181.64:21,socks5,9.707066
213.16.81.182:35559,socks4,2.336795
203.13.32.72:80,http,28.807746
203.13.32.137:80,http,29.344199
210.245.51.76:4145,socks4,4.537101
203.22.223.144:80,http,28.658307
203.13.32.223:80,http,29.231576
202.91.70.202:84,http,5.005979
212.42.116.161:5678,socks4,3.34913
196.2.15.68:8080,http,7.218496
39.175.92.35:30001,http,1.100162
41.175.26.112:80,http,0.84318
39.185.232.150:9091,http,1.065581
217.165.94.240:4145,socks4,1.794173
191.102.254.9:8084,http,13.127104
203.22.223.218:80,http,29.325279
219.92.139.252:5678,socks4,8.06315
203.13.32.167:80,http,30.39304
201.222.44.229:999,http,4.411944
43.143.194.170:9999,socks5,0.964031
213.210.67.186:3629,socks4,1.968497
24.234.142.123:31008,socks4,0.589964
42.3.28.7:80,http,0.436025
202.57.55.242:45112,http,2.646692
27.147.157.245:58148,socks4,0.840406
43.128.36.71:3389,socks5,2.109631
203.13.32.145:80,http,31.823624
200.24.139.131:999,http,9.582125
200.24.154.147:999,http,10.063627
203.13.32.150:80,http,32.011122
42.228.61.245:9091,http,1.797919
31.179.162.78:4153,socks4,7.967067
203.23.103.173:80,http,31.25194
43.255.113.232:80,http,0.7286
43.255.113.232:8080,http,2.026407
202.164.39.147:3128,http,11.465966
207.180.203.246:20934,socks4,10.642209
45.169.70.9:7497,socks5,2.27422
202.8.74.10:8080,http,2.293731
203.13.32.19:80,http,34.248071
202.56.163.110:8080,http,5.827163
43.129.233.215:80,socks5,5.316994
203.22.223.168:80,http,34.057512
203.13.32.220:80,http,34.947417
208.79.11.97:9080,http,0.255552
209.166.175.201:8080,http,0.191881
203.22.223.13:80,http,34.526512
203.13.32.12:80,http,35.309552
206.233.133.119:80,http,0.51855
209.146.104.51:80,http,0.398442
209.146.105.245:80,http,0.396846
209.146.105.242:80,http,0.404896
203.13.32.51:80,http,35.216286
36.37.104.99:34040,socks4,1.397611
210.5.10.87:53281,http,0.650323
38.133.200.94:31596,socks4,0.105895
210.201.86.72:8080,http,1.169325
209.166.175.201:3128,http,1.187975
36.111.191.127:1080,socks4,2.105526
206.84.83.226:999,http,2.645191
208.79.10.113:9080,http,1.392784
203.23.103.124:80,http,36.004534
37.187.153.227:26095,socks5,11.964345
217.180.218.36:8080,http,4.849672
37.99.254.217:5678,socks4,1.779466
210.179.58.236:80,http,1.383699
222.165.200.105:8111,socks4,9.988348
203.22.223.158:80,http,38.34795
45.236.154.160:4145,socks4,2.622603
203.83.20.95:3129,http,5.21185
203.23.104.186:80,http,36.556549
212.154.82.52:9090,http,3.18241
203.22.223.238:80,http,38.626983
212.108.144.67:8080,http,3.346312
203.22.223.154:80,http,38.925655
221.225.81.91:3128,http,0.450955
36.93.157.49:5678,socks4,4.816998
223.18.60.191:8080,http,0.466371
216.137.184.253:80,http,0.947222
212.200.20.42:6666,http,3.568725
203.23.103.215:80,http,39.116682
213.6.149.2:8080,http,0.765949
204.83.205.117:3128,http,5.521778
203.23.103.23:80,http,39.246017
203.22.223.162:80,http,39.7879
212.46.230.102:6969,http,1.013505
203.23.103.235:80,http,39.525562
209.97.171.82:8080,http,5.963222
203.13.32.176:80,http,41.176868
203.22.223.130:80,http,40.836285
212.50.36.69:8083,http,2.570925
45.40.136.186:26382,socks5,5.704333
213.151.79.84:8080,http,5.188004
212.126.106.230:8889,http,2.260292
46.47.80.186:5678,socks4,0.47921
46.241.57.29:1080,socks5,0.912681
47.243.240.46:1080,socks5,0.743236
47.243.95.228:10080,socks5,0.767901
213.168.180.211:8080,http,3.40932
46.105.124.74:7497,socks5,1.56266
47.240.226.173:1080,socks5,0.880536
212.95.180.50:53281,http,5.912644
203.13.32.186:80,http,42.503157
27.254.217.116:8081,http,0.561637
203.13.32.250:80,http,42.561901
203.23.106.138:80,http,39.433931
209.37.250.19:80,http,6.60511
46.219.80.142:45237,socks4,0.536796
203.13.32.254:80,http,42.714585
47.116.131.64:80,http,0.71217
38.131.32.78:5678,socks4,7.33045
203.23.106.69:80,http,39.50399
203.13.32.136:80,http,43.147603
37.238.134.130:31772,socks4,8.905156
206.42.43.88:4040,http,3.23116
47.98.219.185:8999,http,1.963849
37.252.66.125:46324,socks4,9.180622
204.199.173.57:999,http,10.600786
203.22.223.194:80,http,43.961604
210.4.103.42:8080,http,9.968511
23.229.21.138:3128,http,3.826777
203.23.103.93:80,http,43.472364
203.23.104.36:80,http,41.814981
47.94.93.255:80,http,1.790264
46.173.211.166:1080,socks5,3.900821
34.134.91.130:3128,http,0.233909
34.175.45.228:3128,http,0.34304
203.22.223.98:80,http,44.076269
5.189.130.207:3481,socks5,2.189704
49.48.96.87:5678,socks4,2.358673
203.23.103.59:80,http,44.03983
41.223.65.158:4153,socks4,8.801373
212.129.15.88:8080,http,6.024289
212.23.217.42:8080,http,9.267335
203.13.32.156:80,http,45.820992
47.74.45.117:8118,http,1.241273
5.9.51.182:1080,socks5,1.025778
50.88.129.125:5678,socks4,0.306746
45.234.100.112:1080,socks4,0.562448
36.111.191.127:808,http,0.775296
203.13.32.224:80,http,46.714466
51.255.2.223:1080,socks5,0.480258
51.15.242.202:8888,http,0.331823
50.242.122.141:32100,socks4,0.204035
203.23.104.226:80,http,44.137589
45.162.44.10:51776,socks4,7.618433
212.227.228.147:8080,http,4.704146
222.253.48.253:8080,http,7.093747
51.77.192.111:7497,socks5,0.518901
39.105.38.203:60080,http,0.701775
39.107.234.215:60080,http,0.728178
39.105.15.159:60080,http,0.701324
203.22.223.7:80,http,46.423521
203.23.103.78:80,http,46.008922
39.105.189.13:60080,http,0.876769
51.79.50.46:9300,http,0.380095
39.108.230.16:3128,http,0.883653
31.206.250.131:9090,http,2.690281
37.148.217.235:999,http,2.315363
39.105.108.22:60080,http,0.949924
217.197.158.182:41890,http,1.987731
203.23.106.125:80,http,44.572981
51.255.219.244:7497,socks5,1.469079
39.107.230.157:60080,http,1.31004
203.22.223.25:80,http,47.105856
206.81.2.180:3128,http,6.964878
49.51.138.111:8118,http,5.254726
51.75.18.31:7497,socks5,1.498512
45.247.90.195:8080,http,3.218882
39.105.122.19:60080,http,1.727929
203.22.223.90:80,http,47.496993
203.23.104.2:80,http,45.443266
59.15.154.69:13128,socks5,0.71301
203.22.223.81:80,http,47.63912
203.22.223.75:80,http,47.857871
37.53.103.4:3128,http,3.205862
203.23.106.58:80,http,45.45851
24.106.221.230:53281,http,8.923064
217.182.158.189:36907,socks4,18.251982
58.17.77.115:8085,http,0.684877
60.246.239.213:80,http,0.399526
58.20.248.139:9002,http,0.656979
58.247.6.106:9002,http,0.672908
58.20.235.231:9002,http,0.711537
38.52.162.247:999,http,2.19465
59.153.201.202:80,http,0.526693
58.57.170.150:9002,http,0.786488
61.136.112.35:7302,socks5,1.334426
24.172.34.114:49920,http,4.518904
51.222.12.245:10084,socks5,3.211507
41.170.65.162:8080,http,2.973766
60.189.135.104:8085,http,0.838144
212.3.184.75:8080,http,4.214154
60.189.138.199:8085,http,0.821487
60.2.153.186:9091,http,0.66374
61.53.66.116:9091,http,0.68165
39.105.105.240:60080,http,2.391106
39.105.51.180:60080,http,2.120365
36.70.253.229:80,http,6.534777
222.210.102.73:8888,http,6.944753
203.22.223.177:80,http,51.05497
5.167.49.8:1080,socks5,8.99478
50.197.210.138:32100,socks4,5.369838
203.23.103.150:80,http,50.813434
222.67.188.249:9000,http,11.689769
203.24.103.150:80,http,47.463134
203.23.103.116:80,http,50.957999
36.37.160.242:8080,http,7.197202
54.161.6.150:80,http,4.040401
203.23.106.5:80,http,48.476928
203.23.103.246:80,http,50.746729
39.105.156.66:60080,http,2.422331
36.90.3.229:8080,http,6.967073
45.7.177.184:39867,socks4,5.862461
203.24.102.107:80,http,48.388353
38.10.68.235:9090,http,6.087417
41.128.183.11:1981,http,2.912811
39.105.132.17:60080,http,2.764348
67.201.33.10:25283,socks5,2.694115
66.29.128.244:18580,socks5,3.039645
41.75.85.22:8080,http,3.050327
203.22.223.82:80,http,51.563493
41.57.138.30:8080,http,10.072675
43.255.113.232:8081,http,0.765183
58.84.31.62:5678,socks4,3.234316
38.43.77.155:999,http,3.08224
203.23.103.146:80,http,51.577718
60.210.40.190:9091,http,3.130996
49.51.98.142:39317,socks5,10.232623
45.7.177.226:39867,socks4,6.106599
65.169.38.73:26592,socks5,3.782564
5.196.124.208:64501,socks5,9.880558
45.167.125.61:9992,http,0.355565
45.167.125.97:9992,http,0.242317
43.255.113.232:83,http,0.964744
43.255.113.232:84,http,1.007568
39.105.98.204:60080,http,3.363898
41.33.3.35:1981,http,3.418794
38.10.68.234:9090,http,3.60476
61.178.141.146:80,http,4.086631
68.71.247.130:4145,socks5,0.249956
68.71.249.153:48606,socks5,0.266556
47.89.185.178:8888,http,1.245414
69.194.181.6:7497,socks5,0.222054
68.71.254.6:4145,socks4,0.193399
37.220.210.2:8080,http,8.113775
61.164.58.66:10800,socks4,3.981339
61.135.30.54:7302,socks5,5.537753
203.22.223.112:80,http,52.996802
43.255.113.232:82,http,1.742413
203.22.223.14:80,http,53.040235
72.37.217.3:4145,socks5,0.250609
72.37.216.68:4145,socks5,0.253336
41.65.236.37:1976,http,5.413108
74.119.144.60:4145,socks5,0.506302
74.119.147.209:4145,socks5,0.506504
45.6.228.178:4145,socks4,7.814247
203.23.103.161:80,http,53.333434
203.24.108.206:80,http,49.543543
31.161.38.233:8090,http,9.87498
203.23.104.150:80,http,51.771795
203.22.223.80:80,http,53.925755
31.223.19.162:8081,http,2.858887
77.89.196.202:4153,socks4,0.543253
72.210.252.134:46164,socks5,1.49562
72.210.221.223:4145,socks5,1.513672
72.217.216.239:4145,socks5,1.502518
72.221.172.203:4145,socks5,1.521213
41.220.238.130:83,http,3.054379
72.221.164.34:60671,socks5,1.532938
203.22.223.19:80,http,54.344814
45.161.202.3:3386,http,10.328477
203.23.103.25:80,http,54.165053
203.24.102.208:80,http,51.502218
72.167.32.5:3481,socks5,2.097195
43.255.113.232:86,http,0.578498
43.245.95.178:53805,http,3.803844
45.173.44.9:999,http,2.800523
41.65.236.35:1976,http,6.232057
203.22.223.224:80,http,54.75604
43.255.113.232:8082,http,3.593961
50.207.130.238:54321,socks4,0.152659
45.247.82.29:8080,http,5.617617
220.247.171.242:8080,http,16.364478
41.242.116.150:50000,http,8.699987
50.238.47.85:32100,socks4,0.123145
203.23.103.82:80,http,54.532231
203.22.223.11:80,http,55.166253
45.169.140.69:999,http,3.355235
72.206.181.97:64943,socks5,2.529569
66.42.224.229:41679,socks5,6.427218
72.221.196.157:35904,socks5,2.621612
72.221.232.152:4145,socks5,2.614112
45.230.172.182:8080,http,0.548534
45.160.78.61:999,http,3.801882
45.189.254.225:999,http,0.96849
38.41.0.90:999,http,10.429526
203.28.8.110:80,http,48.866903
62.152.37.254:1080,socks5,8.185265
43.255.113.232:85,http,4.736799
60.217.64.237:35292,socks4,0.892577
203.24.103.29:80,http,52.04218
72.195.34.42:4145,socks5,3.274543
50.192.49.5:32100,socks4,1.355289
8.219.97.248:80,http,0.619537
54.38.134.219:23416,socks5,9.453991
41.33.137.12:1976,http,7.564448
45.32.245.26:80,http,0.465748
45.160.15.1:999,http,4.368344
45.174.77.241:999,http,4.241028
45.167.91.65:999,http,4.380006
38.49.129.154:999,http,11.02679
43.129.97.173:3128,http,7.284985
45.171.145.144:8080,http,4.666365
45.166.144.2:999,http,4.574794
80.235.230.75:4145,socks4,0.442877
45.234.60.2:999,http,1.290478
45.161.115.141:999,http,6.470465
41.33.47.146:1976,http,7.789843
41.65.236.44:1981,http,9.34742
45.184.155.226:999,http,4.217148
58.246.58.150:9002,http,2.346728
45.189.118.74:999,http,4.035618
45.233.67.204:999,http,3.36777
203.24.103.137:80,http,54.569684
36.90.158.157:8080,http,6.617384
203.23.104.211:80,http,56.097242
45.233.67.213:999,http,2.296548
45.228.108.30:3128,http,3.757576
45.233.64.81:999,http,2.432163
203.23.104.242:80,http,56.359133
203.22.223.124:80,http,58.691645
45.161.115.96:999,http,6.781858
43.255.113.232:8083,http,4.452266
203.24.109.31:80,http,53.966187
75.126.253.8:8080,http,5.60477
203.13.32.226:80,http,59.331767
75.103.150.15:1099,socks4,4.686207
77.238.209.58:5678,socks4,2.525971
45.229.31.42:11211,http,4.235981
203.28.8.210:80,http,52.158641
43.255.113.232:8086,http,0.631091
45.169.98.73:8080,http,4.287085
203.24.102.101:80,http,56.151913
203.23.106.10:80,http,56.238233
203.22.223.104:80,http,59.222781
203.23.103.99:80,http,58.456419
45.234.6.178:6666,http,3.827876
203.23.104.153:80,http,58.448279
36.99.165.148:9002,http,8.053613
62.201.233.59:4145,socks4,1.06729
203.23.106.183:80,http,56.727188
60.190.195.146:1080,socks4,1.000851
45.167.253.129:999,http,7.688924
45.124.94.8:3333,http,8.24294
203.22.223.226:80,http,59.442814
60.241.231.114:4153,socks4,1.016606
45.161.33.129:8081,http,7.589778
203.23.106.221:80,http,56.96554
41.58.144.126:9812,http,10.952618
80.48.119.28:8080,http,0.368934
203.24.102.22:80,http,56.554049
69.61.200.104:36181,socks5,7.602878
203.23.106.141:80,http,57.572424
45.7.135.85:999,http,4.431362
80.249.112.162:80,http,1.878443
203.23.103.252:80,http,59.714233
81.16.1.71:5678,socks4,1.618646
45.167.253.225:999,http,5.56114
61.178.26.29:10800,socks4,12.556642
203.24.109.167:80,http,55.790295
47.242.87.205:8118,http,1.940035
45.186.60.6:8085,http,6.030514
45.174.77.1:999,http,8.500867
45.162.132.1:999,http,2.07863
41.65.236.53:1981,http,12.002323
203.22.223.189:80,http,60.824583
70.48.130.229:5678,socks4,7.32668
203.23.103.231:80,http,60.509987
41.33.137.11:1981,http,12.337385
203.23.106.136:80,http,58.571174
45.184.103.67:999,http,2.781837
51.68.167.7:63892,socks4,5.380592
49.156.46.126:41890,http,2.974625
61.145.158.142:7302,socks5,13.962312
88.255.102.13:10820,socks5,0.901511
44.211.86.71:999,http,10.237888
203.24.102.94:80,http,58.032033
203.23.103.224:80,http,61.140232
203.23.103.193:80,http,61.33253
89.22.106.31:26451,socks5,0.94114
203.23.103.97:80,http,61.166679
203.23.103.139:80,http,61.793467
72.49.49.11:31034,socks5,9.278049
45.173.231.155:999,http,3.035157
5.161.112.28:3128,http,0.081138
45.190.79.208:999,http,7.694909
203.23.106.89:80,http,59.57787
45.170.102.89:999,http,1.246184
5.153.234.91:3128,http,0.284253
203.23.106.142:80,http,60.015974
47.241.165.133:443,http,4.053175
203.30.188.241:80,http,54.61208
88.198.91.76:42075,socks5,2.306341
62.171.166.158:49734,socks5,15.058997
70.169.70.87:80,http,0.121532
203.23.106.81:80,http,59.840841
91.224.179.175:5678,socks4,0.550411
89.22.17.108:1080,socks5,1.816251
5.189.184.6:80,http,0.302861
5.58.110.249:8080,http,0.432972
72.206.181.123:4145,socks4,0.408165
203.24.102.168:80,http,60.064724
45.184.73.114:40033,http,10.477624
45.233.67.231:999,http,9.749452
45.233.64.25:999,http,2.564673
38.9.58.105:8080,http,11.017582
91.121.48.221:55348,socks5,3.392241
45.233.67.210:999,http,9.827353
45.90.244.35:8080,http,3.753899
49.0.88.27:8080,http,3.633299
43.153.202.48:80,http,10.757284
45.233.67.233:999,http,9.813699
45.233.245.85:8083,http,10.033439
45.189.254.150:999,http,3.139213
45.233.67.214:999,http,2.59097
203.24.103.26:80,http,61.242131
203.23.106.6:80,http,62.39511
203.23.106.129:80,http,62.691598
45.233.67.223:999,http,10.142694
62.171.166.158:24417,socks4,6.767013
45.70.14.58:999,http,9.116792
203.23.104.158:80,http,64.309923
203.28.8.238:80,http,58.326057
50.16.33.219:80,http,0.27568
203.24.109.26:80,http,60.589108
203.28.9.184:80,http,57.626956
203.23.106.8:80,http,62.677248
91.121.48.221:38711,socks5,4.047821
45.229.34.174:999,http,10.212052
203.30.188.83:80,http,57.489757
203.23.106.99:80,http,62.709685
203.24.108.39:80,http,61.368561
203.24.109.56:80,http,60.651339
45.88.159.79:8081,http,4.556203
92.205.26.68:3481,socks5,2.536802
203.23.104.134:80,http,64.941515
203.23.103.70:80,http,65.214738
51.159.115.233:3128,http,0.296569
85.172.66.254:1099,socks4,2.807987
5.202.66.167:8080,http,0.587343
81.88.254.4:1080,socks5,9.86347
47.180.214.9:3128,http,4.806892
92.124.143.26:1080,socks5,2.843839
203.24.108.188:80,http,61.848275
70.60.132.130:5678,socks4,3.642284
43.255.113.232:81,http,7.757535
51.38.28.127:80,http,0.244822
5.16.0.10:8080,http,4.265833
45.231.168.93:999,http,11.360752
59.45.13.219:3629,socks4,8.110585
45.8.179.241:1337,http,1.296392
82.103.118.42:1099,socks4,1.504103
51.75.255.100:80,http,0.245662
5.255.104.6:6666,socks4,14.190886
45.224.99.91:999,http,10.744266
72.195.34.58:4145,socks4,1.426412
78.9.110.94:1080,socks4,1.586787
54.156.145.160:8080,http,0.089521
203.30.191.75:80,http,55.420796
92.84.56.10:47054,socks4,0.656105
51.91.157.66:80,http,0.259807
203.23.103.196:80,http,66.550518
77.237.82.77:5678,socks4,3.865782
45.161.32.129:8081,http,7.715031
203.34.28.193:80,http,54.492995
203.30.191.18:80,http,55.898136
203.24.102.97:80,http,63.574284
203.23.106.250:80,http,64.385697
203.32.120.180:80,http,55.686929
203.28.9.125:80,http,59.803968
45.178.133.60:999,http,15.450074
46.161.196.225:9812,http,2.806978
8.42.71.5:39593,socks4,3.138056
92.255.252.29:1080,socks5,4.570069
50.235.149.74:8080,http,3.12242
51.222.127.44:8080,http,1.42359
98.162.25.29:31679,socks5,0.507265
98.170.57.231:4145,socks5,0.557894
95.156.116.114:1080,socks5,1.118222
49.48.91.207:8080,http,6.359855
46.52.134.31:8080,http,6.986184
203.28.9.10:80,http,60.933401
89.58.45.94:42083,socks5,7.260076
203.30.188.183:80,http,60.769441
64.225.8.192:80,http,0.128911
50.232.250.157:8080,http,3.937417
54.225.134.57:8000,http,0.219291
98.162.25.4:31654,socks5,1.528593
95.172.44.186:3629,socks4,1.661337
98.162.96.53:10663,socks5,1.549143
5.16.0.174:8080,http,3.903762
203.30.188.58:80,http,61.056231
98.162.96.41:4145,socks5,1.579269
5.160.179.8:8080,http,4.281235
98.181.137.83:4145,socks5,1.562163
45.8.179.242:1337,http,7.446624
203.28.8.98:80,http,61.814102
45.233.67.235:999,http,11.100436
89.28.32.203:57391,socks4,7.722495
58.27.59.249:80,http,0.869084
203.32.120.211:80,http,58.00605
50.193.36.173:8080,http,4.751728
46.209.207.146:8080,http,8.809561
203.32.121.12:80,http,57.690813
49.229.35.33:8080,http,5.001107
5.160.43.26:8080,http,5.026404
46.199.87.82:8080,http,1.585944
95.68.225.138:1080,socks5,2.917085
203.28.9.16:80,http,62.655437
45.4.252.182:999,http,14.868669
203.32.120.190:80,http,58.810813
203.23.106.113:80,http,67.96976
203.30.188.222:80,http,62.619627
59.23.15.250:8001,http,1.479796
83.168.84.141:4153,socks4,1.585137
60.51.89.171:8080,http,1.825735
83.171.114.92:56129,socks4,1.721788
203.30.191.198:80,http,59.701381
62.193.108.153:1976,http,1.254547
203.28.9.225:80,http,63.657469
61.7.141.30:8080,http,2.839568
89.22.106.31:64177,socks4,0.798598
203.28.9.138:80,http,64.176858
46.161.196.225:8080,http,6.871218
85.29.144.114:5678,socks4,1.885213
46.101.13.77:80,http,6.476597
77.119.239.65:5678,socks4,8.97307
68.1.210.163:4145,socks4,8.807937
203.24.109.134:80,http,67.752512
91.225.170.25:4153,socks4,0.579962
85.113.7.142:5678,socks4,3.143164
54.196.147.230:8080,http,5.998236
66.181.164.125:8080,http,5.770724
72.170.220.17:8080,http,1.727392
203.30.190.13:80,http,63.827663
203.30.191.99:80,http,63.148825
203.23.104.67:80,http,72.18804
203.24.108.69:80,http,70.209578
203.30.190.234:80,http,63.597686
89.43.10.141:80,http,2.876402
75.119.150.125:13426,socks4,12.134916
5.195.40.27:8080,http,3.953905
203.34.28.60:80,http,62.40207
61.7.146.7:80,http,5.409458
88.198.91.76:8245,socks5,14.837547
89.22.106.31:46555,socks4,4.274034
79.115.34.171:3128,http,0.365669
203.22.223.248:80,http,75.966467
5.252.97.125:80,http,10.7705
80.179.140.189:80,http,0.460399
8.141.251.188:3128,http,0.459048
8.242.190.75:999,http,0.427322
203.32.121.133:80,http,64.223899
62.201.214.146:8080,http,7.70439
59.15.28.113:3128,http,7.238779
61.130.9.38:443,http,7.894924
46.176.22.17:80,http,11.641851
80.90.132.128:8888,http,1.204901
94.190.177.210:10801,socks4,0.472698
8.242.187.230:999,http,2.386289
80.244.226.92:8080,http,2.333627
79.142.95.90:55443,http,2.397608
203.34.28.89:80,http,64.675103
80.251.246.157:8080,http,2.551965
23.227.38.147:80,http,59.169016
98.162.25.7:31653,socks4,0.395965
51.79.49.178:3128,http,6.802964
93.91.201.70:5678,socks4,1.757987
95.9.194.13:30436,socks4,0.620064
203.30.190.22:80,http,67.182893
93.95.229.153:1080,socks4,1.982156
8.210.222.138:8888,socks4,12.700502
8.210.83.33:80,http,3.071737
95.154.104.147:31387,socks4,2.000288
23.227.38.242:80,http,60.1966
81.94.255.12:8080,http,3.023201
98.170.57.249:4145,socks4,1.437191
54.36.239.180:5000,http,10.117462
31.43.179.122:80,http,56.905459
77.236.237.241:1256,http,4.961425
51.91.109.83:80,http,7.745485
95.214.123.200:8080,http,4.91595
79.122.209.50:8080,http,4.401307
23.227.39.237:80,http,60.528576
81.37.49.8:18080,http,3.576881
80.252.5.34:7001,http,4.302201
74.82.50.155:3128,http,5.358942
80.80.211.110:8080,http,0.829429
84.248.34.9:80,http,0.344254
83.229.73.175:80,http,0.498383
83.229.72.174:80,http,0.517319
78.36.1.204:3128,http,1.70749
83.168.85.9:8090,http,1.205116
94.253.95.241:3629,socks4,3.559077
82.115.25.190:8080,http,1.043375
78.186.85.127:10001,http,6.215525
79.143.187.33:3210,http,5.676587
85.62.10.85:8080,http,1.158068
45.131.5.124:80,http,50.504747
84.204.40.156:8080,http,1.817249
79.105.66.85:8080,http,6.385087
44.233.225.133:80,http,52.095741
85.14.243.31:3128,http,0.240324
51.159.3.84:3128,http,9.72794
91.244.115.221:31080,socks4,8.117237
83.111.183.37:80,http,3.92941
74.205.128.200:80,http,7.028979
81.134.57.82:3128,http,7.411579
82.165.105.48:80,http,6.709267
92.45.19.35:5678,socks4,7.776438
8.242.187.228:999,http,7.982642
81.181.198.205:2019,http,4.798095
87.255.200.108:60080,http,3.794468
91.108.132.142:8080,http,2.580268
80.106.247.145:53410,http,9.228166
78.46.27.131:8080,http,8.09279
80.194.38.106:3333,http,8.534454
87.110.237.97:44692,http,3.972376
87.254.171.64:3333,http,4.145356
81.91.136.76:8080,http,8.14431
45.12.31.112:80,http,54.569937
31.43.179.124:80,http,62.349511
85.235.184.186:3129,http,5.204783
8.242.207.202:8080,http,2.779263
81.91.137.46:8080,http,5.816141
85.173.165.36:46330,http,5.783833
45.12.30.230:80,http,55.842088
94.236.153.96:4145,socks4,7.764778
91.93.42.126:10001,http,1.723641
91.204.239.189:8080,http,1.865891
95.17.166.205:8118,http,1.097785
88.255.217.62:8080,http,2.603799
93.187.165.105:3128,http,1.4894
95.216.66.183:80,http,0.291238
94.247.208.16:8123,http,1.069413
94.102.203.2:1500,http,1.655353
93.91.112.247:41258,http,1.761227
93.157.163.66:35081,http,2.383357
92.60.190.22:50335,http,2.689231
35.214.127.216:80,http,64.842982
88.218.251.189:8080,http,8.226373
95.171.5.144:1256,http,2.46358
45.131.7.151:80,http,58.841031
95.0.90.243:8080,http,1.639878
89.238.212.34:8080,http,8.619671
95.31.117.89:8080,http,2.389097
91.202.72.105:8080,http,8.084567
97.92.111.244:443,http,2.509335
95.31.5.29:54651,http,2.698593
95.66.142.11:8080,http,2.697444
94.140.242.221:8080,http,3.811883
94.75.76.10:8080,http,3.374902
45.8.105.101:80,http,53.853124
94.228.194.18:41890,http,3.73734
91.221.240.254:1515,http,8.698853
45.12.31.119:80,http,60.945177
80.78.237.2:55443,http,8.514004
45.14.174.8:80,http,59.962186
94.232.11.178:46449,http,4.265511
95.167.29.50:8080,http,4.15036
45.14.174.216:80,http,60.485916
95.57.216.118:8080,http,4.295148
45.8.106.17:80,http,53.104887
94.127.219.99:8080,http,5.590605
45.12.30.87:80,http,62.178247
88.255.102.32:8080,http,12.076914
95.68.224.73:8080,http,0.930539
45.14.174.235:80,http,61.940226
45.131.7.147:80,http,62.905498
85.217.192.39:1414,http,6.193647
81.201.56.67:8888,http,9.320826
94.28.31.129:8080,http,7.411032
82.209.210.179:8080,http,9.587641
95.165.163.188:60103,http,6.647476
96.75.48.93:8080,http,6.656296
45.8.105.19:80,http,58.609814
45.8.105.221:80,http,58.730974
45.8.106.149:80,http,57.104308
45.8.104.218:80,http,59.894257
84.201.254.47:3128,http,10.011939
91.92.209.67:8085,http,10.361875
45.8.105.164:80,http,60.236903
45.8.106.253:80,http,58.158579
45.8.105.133:80,http,60.959436
45.8.107.251:80,http,57.707865
45.8.107.226:80,http,58.000399
45.8.104.82:80,http,61.575539
45.8.105.58:80,http,61.241378
45.8.105.236:80,http,61.382928
45.8.107.43:80,http,59.023283
45.8.107.246:80,http,59.103691
45.8.105.193:80,http,62.134159
45.8.105.74:80,http,62.005578
45.8.107.78:80,http,59.219369
45.8.106.76:80,http,59.919221
45.8.106.88:80,http,59.88154
45.8.106.161:80,http,60.376003
45.8.106.222:80,http,60.258656
45.8.106.131:80,http,60.542835
45.8.107.164:80,http,59.780143
45.8.106.8:80,http,60.334453
45.8.106.147:80,http,61.01007
95.0.84.26:80,http,9.737281
45.8.107.62:80,http,60.100938
63.141.128.133:80,http,52.059595
45.8.107.106:80,http,60.981113
45.8.107.200:80,http,60.814786
39.102.233.41:80,http,54.277601
45.8.106.255:80,http,61.729693
91.226.97.38:80,http,38.286244
45.8.107.168:80,http,61.39028
95.255.64.21:8080,http,6.248389
63.141.128.0:80,http,53.299572
45.8.107.232:80,http,61.632237
91.226.97.186:80,http,39.526606
66.235.200.135:80,http,53.201618
91.226.97.19:80,http,39.615541
44.206.211.16:80,http,50.388532
91.226.97.140:80,http,40.111375
66.235.200.107:80,http,53.635064
91.226.97.1:80,http,40.772228
85.214.254.224:80,http,42.945996
91.242.213.247:80,http,37.981723
91.226.97.53:80,http,40.885377
91.226.97.221:80,http,41.402972
66.235.200.142:80,http,55.168544
45.79.105.229:80,http,47.713214
47.92.135.169:443,http,59.788939
91.226.97.235:80,http,41.374446
66.235.200.61:80,http,55.160527
91.226.97.219:80,http,41.481833
91.226.97.139:80,http,41.932137
91.226.97.176:80,http,41.792089
91.226.97.144:80,http,41.998779
85.12.221.147:80,http,43.588076
91.226.97.199:80,http,41.808532
91.226.97.72:80,http,41.489755
74.82.50.155:80,http,29.384113
91.226.97.196:80,http,42.003403
91.226.97.224:80,http,41.826124
91.226.97.237:80,http,41.753077
91.226.97.203:80,http,41.996019
91.226.97.29:80,http,41.730048
91.226.97.13:80,http,42.333881
91.226.97.45:80,http,41.748149
91.226.97.201:80,http,42.076339
91.226.97.158:80,http,42.283478
63.141.128.216:80,http,56.466915
91.226.97.178:80,http,42.222356
91.226.97.43:80,http,41.909755
52.55.150.227:80,http,37.991334
91.226.97.218:80,http,42.16601
91.226.97.148:80,http,42.480965
91.226.97.36:80,http,42.003225
91.226.97.169:80,http,42.482742
91.226.97.216:80,http,42.23816
91.226.97.61:80,http,41.965825
91.226.97.243:80,http,42.132915
81.221.18.188:80,http,28.28548
91.226.97.145:80,http,42.621677
91.226.97.49:80,http,42.093202
91.226.97.160:80,http,42.600951
91.226.97.105:80,http,42.754836
54.36.27.95:80,http,35.976742
81.89.63.70:80,http,46.275207
91.226.97.102:80,http,42.802182
91.226.97.131:80,http,42.814172
5.189.229.42:80,http,42.018748
94.23.91.209:80,http,17.747506
91.226.97.222:80,http,42.360685
91.226.97.157:80,http,42.717326
91.226.97.248:80,http,42.277409
52.157.88.150:80,http,38.106741
91.226.97.112:80,http,42.863844
91.226.97.75:80,http,42.180024
51.83.98.90:8080,http,38.209147
91.226.97.40:80,http,42.271254
91.226.97.96:80,http,42.176234
66.228.45.79:80,http,35.885458
